nama orang,geb/overl.,id,actual id,Unnamed: 4,origin,birthYear,deathYear
"Aa, zr. W. van der",1908-1942/5,0,,,Netherlands,1908,1942/5
"Aalbers, dr. Joh. Godefr., arts",1910-1992,1,,,Netherlands,1910,1992
"Aalders, zr. Jacoba",1910-1999,2,,,Netherlands,1910,1999
"Abeel, David",1804-1846,3,,,United States of America,1804,1846
"Abkoude, ds. F.N.M. van",1895-1988,4,,,Netherlands,1895,1988
"Ackermann, Gustav, zdl.",1876-1955,5,,,Germany,1876,1955
"Adriaanse, A.J., zie Gemerts-Adriaanse, A.J.",,6,,,,,
"Adriaanse, ds. L.",1856-1947,7,,,Netherlands,1856,1947
"Adriani, dr. Nicolaus",1865-1926,8,,,Netherlands,1865,1926
"Aebersold, W.E., zdl",1903-1996,9,,,Switzerland,1903,1996
"Agter, H.J., zdl",1892-1957,10,,,Netherlands,1892,1957
"Akersloot, J., zdl.",1790/1-1830,11,,,Netherlands,1790/1,1830
"Akerson, Rev. Leroy Lind",1892-1921,12,,,United States of America,1892,1921
"Akkeren, dr. Philippus v, zdl",1910-1993,13,,,Netherlands,1910,1993
"Albers, C., zdl",1837-1920,14,,,Netherlands,1837,1920
"Albrecht, zr. Magdalene",1895-1968,15,,,Germany,1895,1968
"Alewijn, jhr. Anton Godfried",1877-1954,16,,,Netherlands,1877,1954
"Alfs, Anna",1877-1967,17,,,Germany,1877,1967
"Alkema, B.M., zdl",1868-1942,18,,,Netherlands,1868,1942
"Alkema, Menno Theod.",1894-1963,19,,,Netherlands,1894,1963
"Allaart Bernard, arts",1908-1999,20,,,Netherlands,1908,1999
"Allaart, ds. Dirk J. Bergardus",1898-1945,21,,,Netherlands,1898,1945
"Allstrom, Rev. Eric W.",,22,,,United States of America,,
"Alm, Rev. Ragnar",1900-1964+,23,,,Scandinavia,1900,1964+
"Alphen, J.J. van",1848/9,24,,,,1848/9,
"Alphen, Pauline El. van",1885-1945,25,,,Netherlands,1885,1945
"Alt, Gustav Adolf",1856-1921,26,,,Germany,1856,1921
"Alt, Marg. Adriana",1883-1962,27,,,Netherlands,1883,1962
"Ameler, August",1877-1940,28,,,Germany,1877,1940
"Amstutz, Daniel, zdl.",1906-1991,29,,,Switzerland,1906,1991
"Andel, zr. Corn. Cath. Herm.",1913-1997,30,,,Netherlands,1913,1997
"Andel, dr. H.A. van",1875-1945,31,,,Netherlands,1875,1945
"Anders, Emilie",1868-1922,32,,,Germany,1868,1922
"Anderson, E.G.O.",,33,,,United Kingdom,,
"Anken, zr. Roelfke van",1906-2001,34,,,Netherlands,1906,2001
"Anskohl, Martin",1883-1945,35,,,Germany,1883,1945
"Antheunisse, A., ond.",1896-1990,36,,,Netherlands,1896,1990
"Archer, Rev. Raymond LeRoy",1887-1970,37,,,United States of America,1887,1970
"Arff-Schumacher, Elli",1865-1914,38,,,Germany,1865,1914
"Arkel, zr. G. van, diakones  later G. Kiewiet-van Arkel",1903-1984,39,,,Netherlands,1903,1984
"Arms, William, zdl",1802-1889,41,,,United States of America,1802,1889
"Arps, B.J., zdl",1898-1962,42,,,Netherlands,1898,1962
"As, A. van, zdl",1886-1920,43,,,Netherlands,1886,1920
"Asselt, Gerrit van, zdl",1832-1910,44,,,Netherlands,1832,1910
"Augusteijn, zr. Jolina",1905-2000,45,,,Netherlands,1905,2000
"Baan, zr. Maria",1896-1994,46,,,Netherlands,1896,1994
"Baan, M.J.G., zie Voorst-Baan",,47,,,,,
"Baarbé, Cornelia, ond., evangel.",1894-1981,48,,,Netherlands,1894,1981
"Baarbé, zr. Hendrika",1896-,49,,,Netherlands,1896,
"Baarda, M.J. van, zdl",1854-1940,50,,,Netherlands,1854,1940
"Baars, Dingeman Joh., zdl",1907-2000,51,,,Netherlands,1907,2000
"Baier, Georg",1894-1987,52,,,Germany,1894,1987
"Bakker, Dirk,",1865-1932,53,,,Netherlands,1865,1932
"Bakker, Dirk, arts",1898-1973,54,,,Netherlands,1898,1973
"Bakker, F.L.",1893-1971,55,,,Netherlands,1893,1971
"Bakker, G.F.C., zdl",1897-1954,56,,,Netherlands,1897,1954
"Bakker, P., ond.",,57,,,Netherlands,,
"Balen, J.A. van, zdl.",1854-1941,58,,,Netherlands,1854,1941
"Baljon, J.M.S., zendeling",1891-1978,59,,,Netherlands,1891,1978
"Baltin, zr. A.",-1942/45,60,,,Netherlands,,1942/45
"Bansemer, C.L., zdl.",1885-1953,61,,,Germany,1885,1953
"Bär, Chr. G., zdl.",,62,,,Netherlands,,
"Bär Sr., J.J., zdl.",1786-1851,63,,,Switzerland,1786,1851
"Bär Jr., J.J., zdl",1829/30-'84,64,,,Netherlands,1829/30,'84
"Barnstein, Joh. Heinrich, zdl.",1802-1863,65,,,Germany,1802,1863
"Barreveld, zr. Teuntje H.",1902-1978,66,,,Netherlands,1902,1978
"Bart, Johann, zdl.",1893-1943,67,,,Switzerland,1893,1943
"Barth, Wilhelm, zdl.",1869-1950,68,,,Germany,1869,1950
"Bassfeld, Dietrich",1877-1940,69,,,Germany,1877,1940
"Bast, Tijmen, arts",1899-1999,70,,,Netherlands,1899,1999
"Baughman, Rev. Burr J.,",1887-1920,71,,,United States of America,1887,1920
"Bauszat, Chr., zdl",1879-1914,72,,,Germany,1879,1914
"Bauszat-Pistor, Paula",1877-1948,73,,,Germany,1877,1948
"Bavinck, dr. J.H.",1895-1964,74,,,Netherlands,1895,1964
"Bax, Hendrik, zdl.",1887-1940,75,,,Netherlands,1887,1940
"Becker, Emil",1882-1955,76,,,Germany,1882,1955
"Becker, Johann Friedrich",1811-1849,77,,,Germany,1811,1849
"Becker, Karl",1876-1923,78,,,Germany,1876,1923
"Becker, Wilhelm . Dir. PT Becker Brand te Sibolga, penasihat RMG",,79,,,Germany,,
"Beckman Lapré, mw. L.M.",,80,,,Netherlands,,
"Bedet, Jozias S., arts",1914-1944,81,,,Netherlands,1914,1944
"Beek, H. van de, zdl > ond.",1897-1961,82,,,Netherlands,1897,1961
"Beek, W. van de, zdl.",1888-1954,83,,,Netherlands,1888,1954
"Beekman, Fred. Gerard.",1870-,84,,,Netherlands,1870,
"Beekman, Hendrik Clement",1896-1975,85,,,Netherlands,1896,1975
"Beel, Theodor",1906-1972+,86,,,Germany,1906,1972+
"Been, M.",1838-1882,87,,,Netherlands,1838,1882
"Beisenherz, Auguste",1865-1961,88,,,Germany,1865,1961
"Beisenherz, Daniel G.C.",1872-1952,89,,,Germany,1872,1952
"Bekkering, mw. M.J., ond.",,90,,,Netherlands,,
"Belksma, A., ond., zdl.",1909-1945,91,,,Netherlands,1909,1945
"Belksma, J., ond., zdl.",1884-1942,92,,,Netherlands,1884,1942
"Ben, zr. A.A.C. van der",1892-1966,93,,,Netherlands,1892,1966
"Bent, Nic. W. van der, zdl",1913-1982,94,,,Netherlands,1913,1982
"Benthem Jr., J. van, zdl",1890-1968,95,,,Netherlands,1890,1968
"Berends ten Kate, B., ond., zie Kate, B. Berends ten",,96,,,,,
"Berg, Jelle, arts",1895-1982,97,,,Netherlands,1895,1982
"Berg, E.J. van den, zdl",1873-1955,98,,,Netherlands,1873,1955
"Berg, H.W. van den, zdl",1895-1945,99,,,Netherlands,1895,1945
"Berg, W.H. van den, zdl",1897-1966,100,,,Netherlands,1897,1966
"Berger, Carl",1875-1947,101,,,Germany,1875,1947
"Berger, Heinrich Julius",-1845,102,,,Germany,,1845
"Berghäuser, Heinrich, zdl.",1906-1999,103,,,Germany,1906,1999
"Bernard, William J.",1866-1945,104,,,United Kingdom,1866,1945
"Bertsch, mw. K.",1890/1-1982,105,,,Germany,1890/1,1982
"Bervoets, dr. H., arts",1867/8-1933,106,,,Netherlands,1867/8,1933
"Best, Cornelis de, zdl.",1837-,107,,,Netherlands,1837,
"Bettink (Betting), H., zdl",1840-1916,108,,,Netherlands,1840,1916
"Betz, Alfred , zdl.,",1905-1976,109,,,Germany,1905,1976
"Betz, Fred. Willem, zdl.",1832-1881,110,,,Netherlands,1832,1881
"Betz, Gottlieb M.C.Ch., zdl.",1874-1947,111,,,Germany,1874,1947
"Betz, mw. Mimi, ond.",,112,,,Netherlands,,
"Beukhof, J., zwm",1830-1900,113,,,Netherlands,1830,1900
"Beunders, Henri P.G., ond.,",1878-1956,114,,,Netherlands,1878,1956
"Beyer, August Wilhelm",1815-1882,115,,,Germany,1815,1882
"Beyer, Carl Aug. Hermann, zwm",±1840-1918,116,,,Germany,±1840,1918
"Beyer, R. , zwm",-1871+,117,,,Germany,,1871+
"Bezemer, Tammo Jacob, zdl",1869-1944,118,,,Netherlands,1869,1944
"Bieger, Johannes Nicolaas, zdl.",1877-1967,119,,,Netherlands,1877,1967
"Bieger, Phil., zdl",1841-1911,120,,,Netherlands,1841,1911
"Bielefeld, Carl, zdl.",1878-1966,121,,,Germany,1878,1966
"Bielski, zr. Alice I.",1882-1944?,122,,,United States of America,1882,1944?
"Bierdrager, Jacob, arts",1903-1984,123,,,Netherlands,1903,1984
"Bierhuys, M.",,124,,,Netherlands,,
"Bierkuis, mw. L., ond.",,125,,,Germany,,
"Biersteker, zr. Jannetje,  IM GZbl 1971, 138",1903-1971,126,,,Netherlands,1903,1971
"Biezen, A. van der, ond.",1901-1930,128,,,Netherlands,1901,1930
"Bigler, W., zdl.",1903-1976,129,,,Switzerland,1903,1976
"Bijkerk, J., ond.",,130,,,Netherlands,,
"Bijkerk, Jac., zdl",1887-1978,131,,,Netherlands,1887,1978
"Bijl, zr. Jansje",1896-1946+,132,,,Netherlands,1896,1946+
"Bijl, Adr. van der, ond.",1898-1945,133,,,Netherlands,1898,1945
"Bijlefeld, Jan, zdl.",1895-1934,134,,,Netherlands,1895,1934
"Bijsterveld, Arie, arts",1898-,135,,,Netherlands,1898,
"Bikker, ds. A.",1898-1977,136,,,Netherlands,1898,1977
"Billmann, H., zdl",1883-1964,137,,,Germany,1883,1964
"Bink, Gerardus L., zwm > zdl",1844-1899,138,,,Netherlands,1844,1899
"Bittner, Linus H., arts",1890-1959,139,,,United States of America,1890,1959
"Blecher, Friedrich, zdl.",1866-1939,140,,,Germany,1866,1939
"Bliek, A.J., zdl,",1873-1946,141,,,Netherlands,1873,1946
"Blinde, Joost Hendrik, zdl",1873-1948,142,,,Netherlands,1873,1948
"Block, mw. Helene",1874-1945,143,,,Germany,1874,1945
"Blomberg, zr. Lamberta H.",1903-1989,144,,,Netherlands,1903,1989
"Böckmann, mw. Laura",1844-1903,145,,,Germany,1844,1903
"Bodaan, Laurens, zdl",1878-1966,146,,,Netherlands,1878,1966
"Boddé, J., zdl",1849-1917,147,,,Netherlands,1849,1917
"Bode, Werner A., zdl",1890-1942,148,,,Germany,1890,1942
"Bode, A. de, zdl",1839-1873,149,,,Netherlands,1839,1873
"Boer-de Raadt, zr. Sophia Maria Gerardina de",1866-1949,150,,,Netherlands,1866,1949
"Boer, Pieter de",1876-1961,151,,,Netherlands,1876,1961
"Boer, Reyer de, zdl .",1835-1891,152,,,Netherlands,1835,1891
"Boetzelaer van Asperen en Dubbel­- dam, C.W.T. baron van",1973-1956,153,,,Netherlands,1973,1956
"Bogaards, zr. Antje",1913-,155,,,Netherlands,1913,
"Boger, F., zdl.",1884-1942,156,,,Germany,1884,1942
"Böhl, Bertha, diakones",1886-1972,157,,,Germany,1886,1972
"Bohlken, dr. S., arts",1904-2000,158,,,Netherlands,1904,2000
"Bokma, zr. J.",,159,,,Netherlands,,
"Bokma, zr. Louisa Fred.",1902-,160,,,Netherlands,1902,
"Boland, ds. B.J.",1916-2003,161,,,Netherlands,1916,2003
"Bolt, zr. Melina",1888-1981,162,,,Netherlands,1888,1981
"Bolwijn, ds. Albert",1854-1935,163,,,Netherlands,1854,1935
"Bomas, Willem",1904-1943,164,,,Netherlands,1904,1943
"Bonebakker, A., arts",1895-1975,165,,,Netherlands,1895,1975
"Bone, mw. A.E.",,166,,,Netherlands,,
"Bonert, Alwine",1910-,167,,,Germany,1910,
"Bonn, Peter, zdl.",1851-1929,168,,,Germany,1851,1929
"Bonzel, J.H.M. van, zdl",1892-1944,169,,,Netherlands,1892,1944
"Boorsma, zr. W.",1887-1939,170,,,Netherlands,1887,1939
"Booy, J.J., ond.",1892-1956,171,,,Netherlands,1892,1956
"Borch, Wilhelm, zdl.",1870-1947,172,,,Germany,1870,1947
"Borden, zr. G. van der",1902-1984,173,,,Netherlands,1902,1984
"Börger, Friedrichzdl.,",1878-1934,174,,,Germany,1878,1934
"Bormeister, J.F., zdl.",1784/5-1825,175,,,Russia,1784/5,1825
"Borst, L., ond.",1877-1946,176,,,Netherlands,1877,1946
"Borutta, Ludwig, zdl",1879-1959,177,,,Germany,1879,1959
"Bos, mw. zr. D.",,178,,,Netherlands,,
"Bos, Gerardus, ond.",1896-1945,179,,,Netherlands,1896,1945
"Bos, drs. Hilbrand, ond.",1910-,180,,,Netherlands,1910,
"Bos, J.",,181,,,Netherlands,,
"Bos, Jan, zdl.",1906-1981,182,,,Netherlands,1906,1981
"Bos, Sara Jacoba",1909-1967,183,,,Netherlands,1909,1967
"Bos, zr. M.M. van den",1902-1986,184,,,Netherlands,1902,1986
"Bosch, Jan, ond.",,185,,,Netherlands,,
"Boshuizen, Willem, ond.",1896-1945,186,,,Netherlands,1896,1945
"Bosman, D.J., ond.",1894-1967,187,,,Netherlands,1894,1967
"Bosman, dr. F.J., arts",1898-1972,188,,,Netherlands,1898,1972
"Bossert, R., zdl",1814-1889,189,,,Netherlands,1814,1889
"Bosshardt, mw. M., ond.",1883-1945,190,,,Netherlands,1883,1945
"Bot Jr, Kornelis Adr., zdl",1903-1989,191,,,Netherlands,1903,1989
"Both, zr. G.A.",1887-1926,192,,,Netherlands,1887,1926
"Boulogne, Bastiaan, zdl.",1899-1974,193,,,Netherlands,1899,1974
"Bout, D.C.A., zdl",1883-1969,194,,,Netherlands,1883,1969
"Bouwer, Pieter J.",1892/3-1971,195,,,Netherlands,1892/3,1971
"Bovenkamp, J.R. van den, zdl",1865-1901,196,,,Netherlands,1865,1901
"Bower, Harry C.",,197,,,United States of America,,
"Braches, Ernst Friedrich, zdl.",1844-1922,198,,,Germany,1844,1922
"Bradley, William Paul",1897-1985,199,,,United States of America,1897,1985
"Brakensiek, Heinrich, zdl.",1865-1933,200,,,Germany,1865,1933
"Braun, K., zdl.",1903-1981,201,,,Germany,1903,1981
"Bregenstroth, Ludwig, zdl.",1881-1961,202,,,Germany,1881,1961
"Bremmer, J., arts",1895-1969,203,,,Netherlands,1895,1969
"Bretzler, Johann, zdl",1873-1938,204,,,Germany,1873,1938
"Brill, John Wesley",1904-1985,205,,,United States of America,1904,1985
"Brilman, D., zdl.",1898-1972,206,,,Netherlands,1898,1972
"Brink, Henriëtte Georgine",±1900-,207,,,Netherlands,±1900,
"Brink, ds. Hendrikus van den",1904-1982,208,,,Netherlands,1904,1982
"Brinkman, H.B., ond.",1884-1960,209,,,Netherlands,1884,1960
"Brinkschmidt, Friedrich, zdl.",1869-1935,210,,,Germany,1869,1935
"Brinkschmidt, Robert, zdl.",1873-1936,211,,,Germany,1873,1936
"Brockhaus, Otto, zdl.",1877-1911,212,,,Germany,1877,1911
"Broek, Gerardus ten, zdl.",1885 -1918,213,,,Netherlands,1885,1918
"Broekgaarden, G.J., ond.",1898-1942+,214,,,Netherlands,1898,1942+
"Broekmate, Hermann, zdl.",1873-1910,215,,,Germany,1873,1910
"Bron, mw. Geertje",1912-2000,216,,,Netherlands,1912,2000
"Bronkhorst, mw. Coleta",1902-1973,217,,,Netherlands,1902,1973
"Brouwer, zr. E.",1889-1957,218,,,Netherlands,1889,1957
"Brouwer, Jacob G.",1871?-1939,219,,,Netherlands,1871?,1939
"Brouwer, M., zdl",1845-1912,220,,,Netherlands,1845,1912
"Bruch, August, zdl.",1864-1953,221,,,Germany,1864,1953
"Brückner, Gottlob W., zdl. ,",1783-1857,222,,,Germany,1783,1857
"Brückner, Wilhelm, zdl.",1878-1945,223,,,Germany,1878,1945
"Brug Sr., O. van der, zdl",1863-1927,224,,,Netherlands,1863,1927
"Brug Jr., O.E. van der, zdl",1893-1985,225,,,Netherlands,1893,1985
"Brugghen, zr. A.E.P. van der",1889-1952,226,,,Netherlands,1889,1952
"Brugghen, mw. Clara M. vd",1884-1977,227,,,Netherlands,1884,1977
"Bruijn Azn, ds. C. de",1859-1932,228,,,Netherlands,1859,1932
"Bruijn, R. le, zdl",1799-1829,229,,,Netherlands,1799,1829
"Bruijne, Gerrit Adriaan de, arts",1906-1963,230,,,Netherlands,1906,1963
"Bruining, Wernard, zwm",1809-1872,231,,,Netherlands,1809,1872
"Brummelkamp, R., arts",1897-1994,232,,,Netherlands,1897,1994
"Buchanan, Rev. C.S.",,233,,,United States of America,,
"Buchholz, Charlotte",1866-,234,,,Germany,1866,
"Buijsman, mw. N.",,235,,,Netherlands,,
"Buitelaar, Leendert, arts",1907-1944,236,,,Netherlands,1907,1944
"Bunker, Edward J.",,237,,,United States of America,,
"Burger, W. Corn., arts",1912-1999,238,,,Netherlands,1912,1999
"Burgers, Mar. Alb., zwm",1823-1869,239,,,Netherlands,1823,1869
"Burgstede, E.C., zdl",1908-1979,240,,,Netherlands,1908,1979
"Burgt, zr. Amelia van de",,241,,,Netherlands,,
"Burton, Richard",-1828,242,,,United Kingdom,,1828
"Buttenaar, H.N., zdl",1787-1833,243,,,Netherlands,1787,1833
"Carey, Jabez, zdl.",1793-1862,244,,,United Kingdom,1793,1862
"Carlson, O.A.",,245,,,United States of America,,
"Cass, Ms. E., ond.",,246,,,United States of America,,
"Casteren van Cattenburgh, C.L.",1824/5-1854,247,,,Netherlands,1824/5,1854
"Cate, zr. H.F. ten,",,248,,,Netherlands,,
"Chadwick, Ms. Freda P.",,249,,,United States of America,,
"Chen, J.T.. zdl.",±1905-,250,,,China,±1905,
"Cheung, F.L., zdl.",±1905-,251,,,China,±1905,
"Chong, C.C., zdl.",±1905-,252,,,China,±1905,
"Christiansen, Julius L.F., zdl.",1844-1934,253,,,Germany,1844,1934
"Chu, S.W., zdl.",±1905-,254,,,China,±1905,
"Clercq, Rijnhart Willem de",1878-1939,255,,,Netherlands,1878,1939
"Clevering, zr. Hendrika",1890-1957,256,,,Netherlands,1890,1957
"Clench, Cliff David ()",±1900-1933,257,,,Canada,±1900,1933
"Cole, J. Preston",,258,,,United States of America,,
"Colenbrander, ds. J.F.",1877-1964,259,,,Netherlands,1877,1964
"Combe, Emma C.",1812-1844,260,,,Switzerland,1812,1844
"Condit, Azubah C. ond.",±1810-1844,261,,,United States of America,±1810,1844
"Coolsma, S., zdl",1840-1926,262,,,Netherlands,1840,1926
"Cornet, Pieter, zdl,",1879-1969,263,,,Netherlands,1879,1969
"Coutrier, Louise",1910-,264,,,Netherlands,1910,
"Crommelin, ds. Daniël, zdl",1879-1954,265,,,Netherlands,1879,1954
"Cseszkó, G., arts",1902-1945,266,,,Hungary,1902,1945
"Culemann, Herrmann H., zdl.",1855-1909,267,,,Germany,1855,1909
"Cusell, C.J., zdl",1837-1869,268,,,Netherlands,1837,1869
"Dabritz, Edward W., ond.",,269,,,United States of America,,
"Dake, W.J.L., arts",1890-1973,270,,,Netherlands,1890,1973
"Dalen, Marinus van, zdl",1831-1899,271,,,Netherlands,1831,1899
"Dam, mw. zr. C. van",,272,,,Netherlands,,
"Dammerboer, J., zdl",1830-1925,273,,,Netherlands,1830,1925
"Damschen, Joh., zdl.",1911-1966,274,,,Germany,1911,1966
"Dannert, Theodor, zdl.",1875-1959,275,,,Germany,1875,1959
"Dannert, dr. W., arts",1894-1981,276,,,Germany,1894,1981
"Dassel, Adolf, zdl.",1866-1945,277,,,Germany,1866,1945
"Dedecker, O., zdl. ()",1887-1968,278,,,Belgium,1887,1968
"Deibler, C. Russell",1905-1943,279,,,United States of America,1905,1943
"Deinum, Sjoukje",-1934,280,,,Netherlands,,1934
"Dekker, Hendrik, zdl.",1861-,281,,,Netherlands,1861,
"Dekker-Drescher, mw., zie Drescher",,282,,,,,
"Delfos, ds. A.",1849-1923,283,,,Netherlands,1849,1923
"Denninger, Ernst Ludwig, zdl.",1815-1876,284,,,Germany,1815,1876
"Denyes, J.R.",1869-1936,285,,,United States of America,1869,1936
"Dietrich, Carl",1828-1876,286,,,Germany,1828,1876
"Dietzel, F.W. L, arts",1902-1942,287,,,Germany,1902,1942
"Dijk, A. van, zdl",1878-1942,288,,,Netherlands,1878,1942
"Dijk, D.J. van, zdl.",1898-1987,289,,,Netherlands,1898,1987
"Dijk, ds. K. van",1877-1945,290,,,Netherlands,1877,1945
"Dijk, Tjalling van, ond.",1885-1971,291,,,Netherlands,1885,1971
"Dijk, ds. W. van",1889-1987,292,,,Netherlands,1889,1987
"Dijkema, Klaas, ond.",1886-1970,293,,,Netherlands,1886,1970
"Dijken, H. van, zwm > zdl",1832-1900,294,,,Netherlands,1832,1900
"Dijkhuis, Engelbert, zdl",1900-1981,295,,,Netherlands,1900,1981
"Dijkhuis, Joh., zdl",1904-1942/5,296,,,Netherlands,1904,1942/5
"Dijkstra, A., zdl",1840-1893,297,,,Netherlands,1840,1893
"Dijkstra, Hendrika Hermina, ond.",,298,,,Netherlands,,
"Dimbleby, Kate",1858-1923,299,,,United Kingdom,1858,1923
"Dingstee, zr. Alida M. v.",1884-1973,300,,,Netherlands,1884,1973
"Dirks, David, zdl.",1874-1926,301,,,Russia,1874,1926
"Dirks, Heinrich, zdl.",1842-1915,302,,,Russia,1842,1915
"Dittmar, F.J.J.",,303,,,Germany,,
"Dittmar, Grace M., dl.",1910-1942,304,,,United States of America,1910,1942
"Dixon, Herman, zdl.",1908-1994,305,,,United States of America,1908,1994
"Dolman, C., zdl",1911-1991,306,,,Netherlands,1911,1991
"Dommers, A., zdl",1796/7-1841,307,,,Netherlands,1796/7,1841
"Donselaar, W.M., zdl",1820-1883,308,,,Netherlands,1820,1883
"Doorn, dr. C.L. van, zdl",1896-1975,309,,,Netherlands,1896,1975
"Doren, William Th. van, zdl.",,310,,,United States of America,,
"Dörmann, Friedrich, zdl.",1901-1983,311,,,Germany,1901,1983
"Dornsaft, Joh. Wilhelm, zdl.",1847-1915,312,,,Germany,1847,1915
"Dorst, Sybrig, ond.",1905-1992,313,,,Netherlands,1905,1992
"Doty, Elihu, zdl.",1809-1864,314,,,United States of America,1809,1864
"Douwes, D., zdl",-1835,315,,,Netherlands,,1835
"Doyer, Thomas, zdl.",1822-1861,316,,,Netherlands,1822,1861
"Dreckmeier, G.J., arts",1895-1992,318,,,Netherlands,1895,1992
"Drescher, zr. M. (Dekker-)",,319,,,Netherlands,,
"Dresselhaus, Bernhardine",1881-1925,320,,,Germany,1881,1925
"Drinhaus, Peter",1889-1950,321,,,Germany,1889,1950
"Drost, H., zdl.",1865-1940,322,,,Netherlands,1865,1940
"Drost, zr. H.J.",,323,,,Netherlands,,
"Droste, Jan Frederi(c)k, zdl.",1864-1915?,324,,,Netherlands,1864,1915?
"Duinker, F., zdl.,",1912-1943,325,,,Netherlands,1912,1943
"Duker, Willem, ond.",1913-2010,326,,,Netherlands,1913,2010
"Dunnebier, W., zdl",1877-1955,327,,,Netherlands,1877,1955
"Durkstra, ds. Eduard",1909-1987,328,,,Netherlands,1909,1987
"Dürr, dr. Johannes, ond.",1904-1972,329,,,Switzerland,1904,1972
"Dutton, Emily",1860-1939,330,,,United Kingdom,1860,1939
"Duymaer van Twist, A.J., arts",1867 -1923,331,,,Netherlands,1867,1923
"Duyvendak, H.W., zdl",1893–1950,332,,,Netherlands,1893–1950,
"Eck, R. van, zdl",1842-1901,333,,,Netherlands,1842,1901
"Eckert, August, zdl.",1871-1902,334,,,Germany,1871,1902
"Edborg, Ms. V.M. ()",,335,,,Sweden,,
"Eelen, H.G. van, zdl",1888-1958,336,,,Netherlands,1888,1958
"Eelsing, Hendrik (NL)",1896-1971,337,,,,1896,1971
"Eendenburg, S. van, zdl",1853-1912,338,,,Netherlands,1853,1912
"Eerland, L.D., arts",1897-1977,339,,,Netherlands,1897,1977
"Eggenberger, Agathe, ond.",1904-1991,340,,,Switzerland,1904,1991
"Eggink, H.J., zdl",1875 -1940,341,,,Netherlands,1875,1940
"Eggink, Jacoba Maria, ond.",1912-2008,342,,,Netherlands,1912,2008
"Eglin, zr. Anna Maria",1893-1970,343,,,Germany,1893,1970
"Eigen, P.K. Otto von, ond.",1888-1984,344,,,Germany,1888,1984
"Eigenbrod, Friedrich, zdl",1885-1936,345,,,Germany,1885,1936
"Eijgendaal, J., zdl",1897-1981,346,,,Netherlands,1897,1981
"Eijgenraam, Fr., ond.",1898-1967,347,,,Netherlands,1898,1967
"Eijk, ds. P.H. van",1899-1960,348,,,Netherlands,1899,1960
"Eijkhout, Anna S. van, ond.",1882-1923,349,,,Netherlands,1882,1923
"Eijkman, Koenraad Hein, arts",1898-1950,350,,,Netherlands,1898,1950
"Eklund, Rev. Abel",,351,,,United States of America,,
"Ekris, Arris van, zdl",1830-1868,352,,,Netherlands,1830,1868
"Ellen, zr Alida M.J.",1908-1970,353,,,Netherlands,1908,1970
"Ellen, G.J., zdl",1876-1957,354,,,Netherlands,1876,1957
"Ellinghaus, Emil, zdl.",1881-1952,355,,,Germany,1881,1952
"Emmerik, Adolf Th. Jac. van",1858-1924,356,,,Netherlands,1858,1924
"Emmerik-Cleverly, Alice Corn.",-1941,357,,,United Kingdom,,1941
"Endt, A. van der",1881-1969,358,,,Netherlands,1881,1969
"Endt, Johanna P. van der, ond.",1894-1920,359,,,Netherlands,1894,1920
"Engelberts, zr. A.E.W.Ch.",1898-1965,360,,,Netherlands,1898,1965
"Engelen, C.A.J. van, zdl",1873-1949,361,,,Netherlands,1873,1949
"Engelen, Mej .M.B. van, arts",1911-1977,362,,,Netherlands,1911,1977
"Engelmann, dr. W.H.",1836-1868,363,,,Netherlands,1836,1868
"Enklaar, dr. I.H., theoloog",1911-1994,364,,,Netherlands,1911,1994
"Ennis, Jacob, zdl.",,365,,,United States of America,,
"Enserinck, zr. Amalia Const.",1872-1928,366,,,Netherlands,1872,1928
"Epple, mw. A.",1909-,367,,,Germany,1909,
"Epple, Karl David, zdl.",1877-1944,368,,,Germany,1877,1944
"Eriks, Neeltje, diacones",1883-1945?,369,,,Netherlands,1883,1945?
"Erkelens, J.L., ond.",1908-1984,370,,,Netherlands,1908,1984
"Erlecke, F.K.",,371,,,Germany,,
"Erlen, Paul von, zdl.",1877-1914,372,,,Germany,1877,1914
"Essen, A. van, zdl",1877-1953,373,,,Netherlands,1877,1953
"Essen, A.Ch. van, zwm > zdl",1832-±1905,374,,,Netherlands,1832,±1905
"Esser, dr. ds. B.J.",1876-1944,375,,,Netherlands,1876,1944
"Esser, Cornélie Cath. H., ond.",1911-1945,376,,,Netherlands,1911,1945
"Esser, dr. Julius Pieter, zdl.",1852-1889,377,,,Netherlands,1852,1889
"Esser, Sam. Jonathan David",1874-1948,378,,,Netherlands,1874,1948
"Esser, Samuel Jonathan",1900-1944,379,,,Netherlands,1900,1944
"Evans, Charles, zdl.",-1869,380,,,United Kingdom,,1869
"Everaars, Pieter R., ond.",1884-1955,381,,,Netherlands,1884,1955
"Exel, Frederick Hendrik, zwm",1828-1881,382,,,Netherlands,1828,1881
"Faass, G.",,383,,,Germany,,
"Faassen, Gradus",1880-1971,384,,,Netherlands,1880,1971
"Faber, C.W., ond.",1905-1945,385,,,Netherlands,1905,1945
"Fankhauser, Ms. Rose E.",,386,,,United States of America,,
"Fast, Joh. Gerhard, zdl.",1861-1941,387,,,Russia,1861,1941
"Fast, J.J., arts",1892-1945,388,,,Germany,1892,1945
"Fastenrath, W., zdl",1906-,389,,,Germany,1906,
"Fauser, Fr. August, zwm",1827-1865,390,,,Germany,1827,1865
"Feher, K.E. von, arts",1883-,391,,,Hungary,1883,
"Fehr, Adam, zdl.",1850-1932,392,,,Germany,1850,1932
"Feige, Ernst Wilhelm, zdl.",1840-1901,393,,,Germany,1840,1901
"Feist, zr. Käthe L.A.",1892-1979,394,,,Germany,1892,1979
"Feldsieper, zr. Auguste",1891-,395,,,Germany,1891,
"Ferguson, C., zdl",1891-1934,396,,,Netherlands,1891,1934
"Fiebig, Friedrich, zdl.",1887-,397,,,Germany,1887,
"Fiedler, J.F. , zdl",1807/8-1837,398,,,Germany,1807/8,1837
"Finke, Wilhelm Heinrich, zdl.",1885-1964,399,,,Germany,1885,1964
"Finn, J., zdl.",1789-1853,400,,,Netherlands,1789,1853
"Finster, Lewis V.",1873-1977,401,,,United States of America,1873,1977
"Fischer, Friedrich, zdl.,",1880-1960,402,,,Germany,1880,1960
"Fischer, Hugo, zdl.",1883-1951,403,,,Germany,1883,1951
"Fischer, dr. Isaac Antoon, arts",1896 -1971,404,,,Netherlands,1896,1971
"Fisher, Rev. Albert H.",,405,,,United States of America,,
"Fisk, George Elba",1905-1977,406,,,United States of America,1905,1977
"Flach, Gustav Johann, zdl.",1908-,407,,,Switzerland,1908,
"Flach, J.C., arts",1884-1964,408,,,Netherlands,1884,1964
"Flender, Wilhelm, zdl.",1911-2000,409,,,Germany,1911,2000
"Flick, Alfred, zdl.",1907-1979,410,,,Germany,1907,1979
"Flückiger, P., zdl.",1895-1958,411,,,Switzerland,1895,1958
"Föhl, zr. W.M. ( Zwits.?)",1884-1939,412,,,Germany,1884,1939
"Fokkema, Hetty",1905-1986,413,,,Netherlands,1905,1986
"Fonkert, zr. H.",1887-1966,414,,,Netherlands,1887,1966
"Fortgens, Jac., zdl",1876-1955,415,,,Netherlands,1876,1955
"Franken, Carl, zdl.",1881-1942,416,,,Germany,1881,1942
"Frederiksen, K/C.",,417,,,Scandinavia,,
"Freeman, Rev. Mark",1881-1959,418,,,United States of America,1881,1959
"Freitag, Eduard, zdl.",1903-1932,419,,,Germany,1903,1932
"Frickenschmidt, Chr.W., zdl.",1856-1935,420,,,Germany,1856,1935
"Fries, Eduard, zdl.",1877-1923,421,,,Germany,1877,1923
"Fries, Ms. Ruth M.",,422,,,United States of America,,
"Frouws, Jac., ond.",1894-1933,423,,,Netherlands,1894,1933
"Fuchs, Nikolaus, zdl.",1877-1931,424,,,Germany,1877,1931
"Gabriel, Carl, zdl.",1880-1952,425,,,Germany,1880,1952
"Gaikhorst, T.A., ond.",1883-,426,,,Netherlands,1883,
"Garnerus, Annette, ond.",1889-..,427,,,Germany,1889,..
"Gazendam, zr. Grietje",1891-1963,428,,,Netherlands,1891,1963
"Geer, jvr. zr. J.M. de, diacones",1878-1945,429,,,Netherlands,1878,1945
"Geerdink, A., zdl",1829-1878,430,,,Netherlands,1829,1878
"Geerse-Matze, P.I., zie Matze",,431,,,,,
"Gehrels, C.A., arts",1881-1921,432,,,Netherlands,1881,1921
"Geissler, Gustav A.W., zdl,",1865-1935+,433,,,Netherlands,1865,1935+
"Geissler, J.G. zwm",1830-1870,434,,,Germany,1830,1870
"Gelder, zr. C.J.M. van",,435,,,Netherlands,,
"Geleijnse, ds. M.",1893-1985,436,,,Netherlands,1893,1985
"Genderen, zie van den Hoven van Genderen",,437,,,,,
"Gennip, Hindrik Doewes v., zdl",1822-1866,438,,,Netherlands,1822,1866
"Gericke, G.F.A., zdl.",1801/2-'34,439,,,Germany,1801/2,'34
"Gericke, J.F.C.",1799-1857,440,,,Germany,1799,1857
"Gericke, Paul A., zdl.",1865-1926,441,,,Germany,1865,1926
"Gericke, Wilhelm Ed. Friedr., zdl",1863-1940,442,,,Germany,1863,1940
"Gerlach, Georg, zdl",1885-1946?,443,,,Germany,1885,1946?
"Giezendanner, zr. Elise",1906-1997,444,,,Switzerland,1906,1997
"Gijsman, P.N., zdl",1844/5-1919,445,,,Netherlands,1844/5,1919
"Gillis, Walter Emslie ()",1974-1954,446,,,Canada,1974,1954
"Gink, zr. J.M. van",1881-1965,447,,,Netherlands,1881,1965
"Ginsberg, Gustav, zdl.",1872-1943,448,,,Germany,1872,1943
"Glastra, zr. M.",1899-1985,449,,,Netherlands,1899,1985
"Gnirrep, Anna",,450,,,Netherlands,,
"Godau, Anna Rosine",1888-,451,,,Germany,1888,
"Godwin, Mrs.",,452,,,United States of America,,
"Goedhart, C., arts",,453,,,Netherlands,,
"Goemaat, Louise  (GZbl 1931, 198; 1937, 217)",1904-1992,454,,,Netherlands,1904,1992
"Goes, Wilhelmus van der, zwm",1823-1879?,456,,,Netherlands,1823,1879?
"Goetsch, August W.F., zdl",1844-1870,457,,,Germany,1844,1870
"Gokkel, zr. Aletta Maria",1874-,458,,,Netherlands,1874,
"Gonggrijp, Justus R.P.F., zdl  1831-1861)",1827-1909,459,,,Netherlands,1827,1909
"Goossen, zr. Helena",1889-1945,461,,,Russia,1889,1945
"Goossens, ds. S.J.P.",1902-1983,462,,,Netherlands,1902,1983
"Goris, mw. A.M., ond.",,463,,,Netherlands,,
"Gort, zr. G.",1897-,464,,,Netherlands,1897,
"Goslinga, J.J.J., arts",1906-1987,465,,,Netherlands,1906,1987
"Gotschall, Newton I., ond.",1893-1979,466,,,United States of America,1893,1979
"Göttin, J.W.",,467,,,Switzerland,,
"Goudoever, J. van, ond.",1900-1962,468,,,Netherlands,1900,1962
"Goudswaard, A., zdl",1830-1864,469,,,Netherlands,1830,1864
"Gouweloos, M.J., zdl",1898-1942,470,,,Netherlands,1898,1942
"Graaf, zr. Adriana Anneke de",1906-1974,471,,,Netherlands,1906,1974
"Graaf, C. de, zdl",1846-1905,472,,,Netherlands,1846,1905
"Graaf, zr. Car. Louise de",-1962,473,,,Netherlands,,1962
"Graaf, dr. H.J. de, ond.",1899-1984,474,,,Netherlands,1899,1984
"Graaf, K. de, zdl",1909-1944,475,,,Netherlands,1909,1944
"Graafland, N., ond.",1827-1898,476,,,Netherlands,1827,1898
"Graafstal, Dominicus",1871-1927,477,,,Netherlands,1871,1927
"Graafstal-vd Steur, S.M.",1868-1962,478,,,Netherlands,1868,1962
"Gräb, Karl Ludwig ()",1873-1939,479,,,Belgium,1873,1939
"Gräber, Ida",1980-1953,480,,,Germany,1980,1953
"Gramberg, K.P.C.A., arts",1895-1996,481,,,Netherlands,1895,1996
"Gramberg, ds. Th.W.B.G.",1897-1983,482,,,Netherlands,1897,1983
"Grashuis, mr. Gerhardus Jan",1835-1920,483,,,Netherlands,1835,1920
"Grau, W. zdl",1886-1924,484,,,Germany,1886,1924
"Graumann, Wilhelm",1906-2000,485,,,Germany,1906,2000
"Griebenow, Ms. Viola M.",,486,,,United States of America,,
"Griffin, David",,487,,,United States of America,,
"Grim(m), Johan P., zwm (D)",1812-1857,488,,,Netherlands,1812,1857
"Groep, Jacob van de",1885-1977,490,,,Netherlands,1885,1977
"Groesbeek, Cornelis",1874-1953,491,,,United States of America,1874,1953
"Grohe, A., zwm",1825-1891,492,,,Germany,1825,1891
"Grondel, Pieter Joh., zdl",1901-1955,493,,,Netherlands,1901,1955
"Grondsma, zr. Hilly",1898-1942/5,494,,,Netherlands,1898,1942/5
"Groot, Albertus Karel de, zdl.",1896-1975,495,,,Netherlands,1896,1975
"Groot, J.H. de, zdl",1891-1973,496,,,Netherlands,1891,1973
"Groot, dr. Klaas Pieter, arts",1888-1965,497,,,Netherlands,1888,1965
"Groot, zr. W.M. de",1907-1998,498,,,Netherlands,1907,1998
"Grootendorst, zr. G., zie G. Voordouw-Grootendorst",,499,,,,,
"Guillaume, Henri Alouis zdl",1865-1930,500,,,Germany,1865,1930
"Gunther, P., zwm",1833-1888,501,,,Netherlands,1833,1888
"Güse, Theodor, arts",1904-1936,502,,,Germany,1904,1936
"Guther, Ferdinand, verpleger",1905-1990,503,,,Germany,1905,1990
"Gützlaff, Karl Fr. A.",1803-1851,504,,,Germany,1803,1851
"Haaft, Dirk Albertus ten, zdl",1908-1988,505,,,Netherlands,1908,1988
"Haag, Pieter Bernardus, zdl",1844-1925,506,,,Netherlands,1844,1925
"Haan, A. de, zdl",1854-1921,507,,,Netherlands,1854,1921
"Haan, Enno, zdl",1845-1898,508,,,Netherlands,1845,1898
"Haan, J.G. de, zdl",1876-1959,509,,,Netherlands,1876,1959
"Haan, Fannie M. de, ond.",,510,,,Netherlands,,
"Haandrikman, G., diakones",1898-1986,511,,,Netherlands,1898,1986
"Haas, C. de, verpleger",,512,,,Netherlands,,
"Haas, ds. Willem Samuel de",1883-1973,513,,,Netherlands,1883,1973
"Haffner, Hugo, zdl.",1903-1982,514,,,Germany,1903,1982
"Hager, Fr. Chr. Wilhelm, zdl",1840-1900,515,,,Germany,1840,1900
"Haibach, Wilhelm, zdl",1880-1953,516,,,Germany,1880,1953
"Hall, Rev. C.J.",,517,,,United States of America,,
"Hamacher, Alwine, verpleegster",1889-1954,518,,,Germany,1889,1954
"Hamel, Rev. J. Carel",1897-1979,519,,,Netherlands,1897,1979
"Hamer, Gerard Pieter, ond.",1882-1966?,520,,,Netherlands,1882,1966?
"Hampp, Herrmann, zdl",1882-,521,,,Germany,1882,
"Hangelbroek, Hendr. Marg. Reb.",1903-,523,,,Netherlands,1903,
"Hansen, Mina",,524,,,Scandinavia,,
"Hanstein, Ludwig, zdl",1853-1929,525,,,Germany,1853,1929
"Hardeland, August, zdl",1814-1891,526,,,Germany,1814,1891
"Harder, Albert Gottfried, zdl",1870-1945,527,,,Germany,1870,1945
"Harder, Alfriede",1896-1971,528,,,Germany,1896,1971
"Harmsen, Leendert Karel, zdl",1844-1919,529,,,Netherlands,1844,1919
"Hartgerink, Jan Willem, arts",1887-1948,530,,,Netherlands,1887,1948
"Hartgerink, zr Elisabeth Louise Thérèse",1891-,531,,,Netherlands,1891,
"Harthoorn, S.E., zdl",1831-1883,532,,,Netherlands,1831,1883
"Hartig, F.",1804-1854,533,,,Germany,1804,1854
"Hartfeld, zr. S.",,534,,,Germany,,
"Hartweg, Friedrich Wilhelm, zdl",1891-1935,535,,,Germany,1891,1935
"Hartwig, Friedrich, zdl",1880-1930,536,,,Germany,1880,1930
"Haspers, Geziena",1906-1979,537,,,Netherlands,1906,1979
"Hasselmeyer, zr. E.",,538,,,Netherlands,,
"Hasselt, F.J.F. van, zdl",1870-1939,539,,,Netherlands,1870,1939
"Hasselt, J.L. van, zdl",1839-1930,540,,,Netherlands,1839,1930
"Hasselt, W.H.Th. van, zdl",1872/3-1930,541,,,Netherlands,1872/3,1930
"Hawthorne, Kath. Rader, zdl",1891-1980,542,,,United States of America,1891,1980
Hazewindus. zr. H.,1902-1986,543,,,Netherlands,1902,1986
"Hebbenaar, zr. Elberta C.L.",1909-1942,544,,,Netherlands,1909,1942
"Hebeler, Heinrich, zdl",1905-1982,545,,,Germany,1905,1982
"Hecker, Philipp. zdl",1892-1984,546,,,Germany,1892,1984
"Heemskerk, mw. M., ond.",,547,,,,,
"Heen, zr. A.",,548,,,Netherlands,,
"Heerig, Chr., zdl",1867-1918,549,,,Germany,1867,1918
"Heeringa, Gosse, ond.",1906-1985,550,,,Netherlands,1906,1985
"Heertjes, N., ond.",1880-1953,551,,,Netherlands,1880,1953
"Heidema, zr. A.J.  Foto GZbl 1936, 111",1903-1997,552,,,Netherlands,1903,1997
"Heider, Heinrich",1848-> 1892,554,,,Germany,1848,> 1892
"Heienbrock, Wilhelm, zdl",1855-1949,555,,,Germany,1855,1949
"Heijmering, G., zdl",1792-1867,556,,,Netherlands,1792,1867
"Hein, Piet, ond.",1895-,557,,,Netherlands,1895,
"Heine, Carl W., zdl",1833-1897,558,,,Germany,1833,1897
"Heine, Ludwig",1855-1884,559,,,Germany,1855,1884
"Heintze, K.E.E., zdl",1897-1981,561,,,Germany,1897,1981
"Hekstra, Doeke, ond.",1901-1972,562,,,Netherlands,1901,1972
"Hekstra-Koolstra, M.A.",1903-1945,563,,,Netherlands,1903,1945
"Held, dr. Gerrit Jan",1906-1955,564,,,Netherlands,1906,1955
"Hellendoorn, G.J., zdl",1792/3-1839,565,,,Netherlands,1792/3,1839
"Heller, Arn. H.O., zdl.",1864-1936,566,,,Germany,1864,1936
"Hellweg, Friedrich Wilh., zdl",1855-1886,567,,,Germany,1855,1886
"Helsdingen, mw. J.M. van",1887-1962,569,,,Netherlands,1887,1962
"Henkel, Anna",1888-1976,570,,,Germany,1888,1976
"Hendrich, Carl Christian, zdl",1837-1894,571,,,Germany,1837,1894
"Hendrich (Jr.), Carl Chr., zdl",1878-1964,572,,,Germany,1878,1964
"Hendriks, Hein, zdl",1854-1917,573,,,Netherlands,1854,1917
"Henke, Dorothea",1875-1945,574,,,Germany,1875,1945
"Henking, H., zdl",1884-1962,575,,,Switzerland,1884,1962
"Hennemann, Johann Ph., zdl",1835-1913,576,,,Germany,1835,1913
"Hensgen, Paul, zdl",1879-1918,577,,,Germany,1879,1918
"Hering, F.W. zdl",1899-1942,578,,,Germany,1899,1942
"Herling, Wilhelm. zdl",1874-1912,579,,,Germany,1874,1912
"Hermann, Carl Richard, zdl",1869-1905,580,,,Germany,1869,1905
"Hermann, Friederike L.",1879-1916,581,,,Germany,1879,1916
"Herrmann, C.T., zdl",1808-1851,582,,,Germany,1808,1851
"Hes, Joh. Cornelia, ond.",1884-1951,583,,,Netherlands,1884,1951
"Heuschmann, zr. Marie",1898-1964+,584,,,Germany,1898,1964+
"Heusdens, H.C., zdl",1904-1942,585,,,Netherlands,1904,1942
"Heuvel, M van den",,586,,,Netherlands,,
"Heyer, Philipp Jakob, zdl",1807-,587,,,Germany,1807,
"Hibbard, Rev. Elisha R.",-1945+,588,,,United States of America,,1945+
"Hiebink Rooker, J., zdl",1866-1943,589,,,Netherlands,1866,1943
"Hijkoop, Maarten Wl., diakon",1885-1981,590,,,Netherlands,1885,1981
"Hildering, ds. H.A.C.",1898-1986,591,,,Netherlands,1898,1986
"Himmelmann, J.H., zdl",-1841,592,,,Germany,,1841
"Hiorth, F.W. ()",,593,,,United Kingdom,,
"Hippenstiel, Ludwig, zdl",1971-1945,594,,,Germany,1971,1945
"Hissink, Jac. Assuerus",1880-1941,595,,,Netherlands,1880,1941
"Hoefman, Roelf",1900-1979,596,,,Netherlands,1900,1979
"Hoekendijk, C.J., zdl",1873-1948,597,,,Netherlands,1873,1948
"Hoekendijk, zr. Marg. Louisa",1902-1935,598,,,Netherlands,1902,1935
"Hoeksema, Auktje, ond.",1908-±2000,599,,,Netherlands,1908,±2000
"Hoekstra, arts G.J.",1907-1987,600,,,Netherlands,1907,1987
"Hoefen/Höfen, Carl L.A., zdl",1817-1890,601,,,Germany,1817,1890
"Hoezoo, Wessel, zdl",1826-1896,602,,,Netherlands,1826,1896
"Hoffmann, Martha",1899-1975,603,,,Germany,1899,1975
"Hoffmann, Wilhelm",1868-1920,604,,,Germany,1868,1920
"Hofman, zr. L.",1902-,605,,,Netherlands,1902,
"Hofman, Ph.H.C., zdl",1876/7-1919,606,,,Netherlands,1876/7,1919
"Hofmeister, Ernst Eduard",,607,,,Germany,,
"Hogerwaard, T. zdl",1908-1972,608,,,Netherlands,1908,1972
"Holland, Ms. A.J.",,609,,,United States of America,,
"Hollander, zr. H.H.B.",1907-2000,610,,,Netherlands,1907,2000
"Holmberg, Ms. Hilda. C.",,611,,,United States of America,,
"Holtz, F.W., zdl.",1799-1843,612,,,Germany,1799,1843
"Homan, M., ond.",1899-1991,613,,,Netherlands,1899,1991
"Hondius, mw. M.M., ond.",1904-1964,614,,,Netherlands,1904,1964
"Hooft, L.K. van 't, arts",1884-1938,615,,,Netherlands,1884,1938
"Hoogstraten, ds. S.A. van, zdl (!)",1896-1945,616,,,Netherlands,1896,1945
"Hoppe, Erwin, zdl",1906-1988,617,,,Germany,1906,1988
"Hoppe, F.W.H., zdl",1892-,618,,,Germany,1892,
"Hörchner, mw. J. G., arts",1905-1995,619,,,Netherlands,1905,1995
"Horley, Rev. Wm. Edw.",1870-1931,620,,,United States of America,1870,1931
"Horn, E.B.G. (Georg), ond.,",1888-1971,621,,,Germany,1888,1971
"Horn, H.A.",,622,,,United States of America,,
"Horn, Siegfried H.V.",1908-1993,623,,,Germany,1908,1993
"Hörsch, zr. M.",1900-1983,624,,,Switzerland,1900,1983
"Horst, F.C. van der, arts",1903-1977,625,,,Netherlands,1903,1977
"Horstman, Reginus Joh., zdl",1856-1924,626,,,Netherlands,1856,1924
"Houter, J.P.D. den, zdl",1871-1903,627,,,Netherlands,1871,1903
"Höveker, J.E., zdl,",1798-1873,628,,,Netherlands,1798,1873
"Hoven van Genderen, G. vd, zdl,",1915-1985,629,,,Netherlands,1915,1985
"Höweler, dr. Th.A.H., arts",1907-1994,630,,,Netherlands,1907,1994
"Howell, Ms. Mary E.",,631,,,United States of America,,
"Huber, J., zdl",1885-1951,632,,,Switzerland,1885,1951
"Hübert, Johann, zdl.",1864-1944,633,,,Russia,1864,1944
"Hudel, Ernst, zdl",1903-1996,634,,,Germany,1903,1996
"Hueting, André, zdl",1868-1961,635,,,Netherlands,1868,1961
"Huisingh, S., zdl",1848-1902,636,,,Netherlands,1848,1902
"Huisman, zr. K.",,637,,,Netherlands,,
"Huitema, mw. dr. W., arts",1907-1990+,638,,,Netherlands,1907,1990+
"Hulleman, zr. A.M., diakones",1898-1985,639,,,Netherlands,1898,1985
"Hulman, zr. A.F.G.",na 1956,640,,,Netherlands,na 1956,
"Hulman, Maria Antonia",1881-1963,641,,,Netherlands,1881,1963
"Hulstra, A., zdl",1865-1940,642,,,Netherlands,1865,1940
"Hulzebos, zr. E., diakones",1870-1945,644,,,Netherlands,1870,1945
"Hungerford, E.K.G.",,645,,,Austria,,
"Hupe, Johann Michael Carl, zdl",1818-1861,646,,,Germany,1818,1861
"Hupperts, Johann G., zdl",1812-1859,647,,,Germany,1812,1859
"Huvers, zr. H.J., diacones",1897-1978,648,,,Netherlands,1897,1978
"Hutchinson, Maude",,649,,,United States of America,,
"Huysingh, David",1855-1904,650,,,Netherlands,1855,1904
"Iken, zr. Alida  d.v. J. Iken, geb. Depok, † Btv",1890-1931,651,,,Netherlands,1890,1931
"Iken, J., zdl",1881-1944,653,,,Netherlands,1881,1944
"Illing, Helmut, zdl",1907-1979,654,,,Germany,1907,1979
"Ingham, E.",,655,,,United Kingdom,,
"Ingwersen, ds. H.Ph.",1878-1950,656,,,Netherlands,1878,1950
"Iperen, zr. Cornelia van",1894-1997,657,,,Netherlands,1894,1997
"Irle, Heinrich, zdl",1906-1983,658,,,Germany,1906,1983
"Irle, Tillman E., zdl.",1848-1921/2,659,,,Germany,1848,1921/2
"Israel, Johan H.Chr., zdl",1850-1935,660,,,Netherlands,1850,1935
"Jackson, Fred C.",-1942,661,,,United States of America,,1942
"Jacobs, Johan Gerard R.",1860-1920,662,,,Netherlands,1860,1920
"Jaesrich, G. , zwm",-1866,663,,,Germany,,1866
"Jaffray, Margaret ()",1907-1959,664,,,Canada,1907,1959
"Jaffray, Robert A. ()",1873-1945,665,,,Canada,1873,1945
"Janfrüchte, E., zdl",1844-1923,666,,,Germany,1844,1923
"Jansen, Arnoldus Hendrik",-1931,667,,,Netherlands,,1931
"Jansen, Gerben Jacob, ond.",1895-1944,668,,,Netherlands,1895,1944
"Jansen-v Engelen, M.B.",1911-1977,669,,,Netherlands,1911,1977
"Jansen Klomp, G.H., diakoon",1886-1952,670,,,Netherlands,1886,1952
"Jansen Schoonhoven, L., zdl",1905-1984,671,,,Netherlands,1905,1984
"Jansz, Cornelis Pieter, ond.",1886-1973,672,,,Netherlands,1886,1973
"Jansz, Pieter, zdl.",1820-1904,673,,,Netherlands,1820,1904
"Jansz, Pieter Anthonie, zdl",1853-1942/5,674,,,Netherlands,1853,1942/5
"Jaspers, G. arts",,675,,,Netherlands,,
"Jellesma, J.E., zdl",1816-1858,676,,,Netherlands,1816,1858
"Jenken, zr. Geertruida W.G.",1902-1959,677,,,Netherlands,1902,1959
"Jens, F.J., zdl",1889-1944,678,,,Netherlands,1889,1944
"Jens, K.Th., zdl",1893-1974?,679,,,Netherlands,1893,1974?
"Jens, W.L., zdl",1849-1925,680,,,Netherlands,1849,1925
"Jens(s)en, Ch.",,681,,,Scandinavia,,
"Jenssen, N.",,682,,,Scandinavia,,
"Jeschawitz, Horst, zdl",1901-1975,683,,,Germany,1901,1975
"Johannissen, S.",,684,,,Scandinavia,,
"Johannsen, Peter Hinrich, zdl",1839-1898,685,,,Germany,1839,1898
"Johannsen, Peter, arts",1894-1950,686,,,Germany,1894,1950
"Jong, zr. Geertje de",1911-1998,687,,,Netherlands,1911,1998
"Jong, Gjalt de, ond.",1900-1987,688,,,Netherlands,1900,1987
"Jong, dr. Jan Pieter de, arts",1901-1976,689,,,Netherlands,1901,1976
"Jong, Leentje de",1894-,690,,,Netherlands,1894,
"Jong, zr. T. de",1894-,691,,,Netherlands,1894,
"Jonge, mw. dr. J.A. de, arts",1892/3-1978,692,,,Netherlands,1892/3,1978
"Jonkman, H., ond.",1893-1957,693,,,Netherlands,1893,1957
"Joost, R.P.A.Ch. van, arts",1902-1943/5,694,,,Netherlands,1902,1943/5
"Jordan, Karl-Heinz",1911-1994,695,,,Germany,1911,1994
"Joustra, Meint, zdl",1871-1926,696,,,Netherlands,1871,1926
"Juda, E.E., arts",,697,,,Netherlands,,
"Judge, Bernard",1879-1959,698,,,Austria,1879,1959
"Juffernbruch, Fred., zdl",,699,,,Germany,,
"Jung, Georg Johannes, zdl",1862-1914,700,,,Germany,1862,1914
"Jungmichel, J.C., zdl",1787-1843,701,,,Germany,1787,1843
"Jüngst, A.",1860-1921,702,,,Germany,1860,1921
"Jürgens, Johannes, zdl",1887-1952,703,,,Germany,1887,1952
"Juutilainen, H. ()",,704,,,Finland,,
"Kaal, Hermanus, ond.",1902-1988,705,,,Netherlands,1902,1988
"Kabelitz, H.K.O., zdl.",-1929,706,,,Germany,,1929
"Kaiser, Herrmann W.F., zdl.",1869-1953,707,,,Germany,1869,1953
"Kaiser, Wilhelm, zdl",1904-1989,708,,,Germany,1904,1989
"Kal, E.Th., arts",1911-1966,709,,,Netherlands,1911,1966
"Kam, Joseph, zdl/pred.",1769-1833,710,,,Netherlands,1769,1833
"Kamma, dr. F.C., zdl",1906-1987,711,,,Netherlands,1906,1987
"Kammann, Wilhelm, zdl",1909-1942,712,,,Germany,1909,1942
"Kamp, zr. Frieda",1888-1964,714,,,Germany,1888,1964
"Kamp, Friedrich W., zdl.",1853-1928,715,,,Germany,1853,1928
"Kamps, J.D., zwm",1842-1871,716,,,Netherlands,1842,1871
"Kappner, Emil Oskar, zdl",1878-1934,717,,,Germany,1878,1934
"Karbe, F.W., zdl",1793-1828,718,,,Germany,1793,1828
"Karelse, ds. Jacobus",1900-1995,719,,,Netherlands,1900,1995
"Kate, B. Berends ten, ond.",1882-1938,720,,,Netherlands,1882,1938
"Kate, zr. H.F. ten",1894-1980,721,,,Netherlands,1894,1980
"Kate, Marius Anne ten, ond.",1893-1979,722,,,Netherlands,1893,1979
"Kate, Pieter ten, zdl  † 29-11-18",1880-1918,723,,,Netherlands,1880,1918
"Kate, zr. P.F. ten",1904-1995,724,,,Netherlands,1904,1995
"Kats, Jacob, zdl",1875-1945,725,,,Netherlands,1875,1945
"Keijser, P. de, zdl",1803/4-1840,726,,,Netherlands,1803/4,1840
"Keil, Klara, diakones",±1885-1937+,727,,,Germany,±1885,1937+
"Kekem, E.G. van, zdl",1902-1971,728,,,Netherlands,1902,1971
"Kelling, Fr., zwm",1829-1900,729,,,Germany,1829,1900
"Kelling, M., zdl",1863-1912,730,,,Netherlands,1863,1912
"Kelling, Paul, zdl",1865-1924,731,,,Netherlands,1865,1924
"Kemp, Margaret",,732,,,United States of America,,
"Kempen, dr. A.E. van arts",1909-?,733,,,Netherlands,1909,?
"Kempers, zr. C., diakones",1900-2000,734,,,Netherlands,1900,2000
"Kersten, Joh. Gottlieb, zdl ()",1860-1900,735,,,Germany,1860,1900
"Kessel, Valentin, zdl",1850-1932,736,,,Germany,1850,1932
"Ketel, dr. Arie Pieter, arts",1894-1971,737,,,Netherlands,1894,1971
"Keuch, Wilhelm, zdl",1903-1930,738,,,Germany,1903,1930
"Keuchenius, ds. Adr. François",1895-1944,739,,,Netherlands,1895,1944
"Keulemans, zr. A.F.C.",1912-2006,740,,,Netherlands,1912,2006
"Keyser, P., zdl",1801/2-1940,741,,,Netherlands,1801/2,1940
"Kieft, Nicolaas, zdl",1897-1942/5,742,,,Netherlands,1897,1942/5
"Kienlein, Heinrich, zdl",1876-1929,743,,,Germany,1876,1929
"Kijftenbelt, F., zdl",1835-1908,744,,,Netherlands,1835,1908
"Kijne, I.S., zdl",1899-1970,745,,,Netherlands,1899,1970
"Kime, Dallas Spencer",1889-1985,746,,,United States of America,1889,1985
"Kind, Fr. Chr. Wilhelm, zdl",1830-1859,747,,,Germany,1830,1859
"Kiss, Andreios von, arts",,748,,,Hungary,,
"Kissing, Margarete",1905-1998,749,,,Germany,1905,1998
"Klaassen, Johann, zdl.",1872-1950,750,,,Russia,1872,1950
"Klaassen, zr. Maria",1906-,751,,,Germany,1906,
"Klaassen, Thomas Fred., zdl",1836-1871,752,,,Netherlands,1836,1871
"Klaiber, J., zdl",1896-1962,753,,,Switzerland,1896,1962
"Klaiss, Johannes, ond.",1905-1962,754,,,Germany,1905,1962
"Klammer, J. Carl, zdl.",1826-1919,755,,,Germany,1826,1919
"Klappert, Erich, zdl",1908-1982,757,,,Germany,1908,1982
"Klarenbeek, W.N., zdl.",1888-1945,758,,,Netherlands,1888,1945
"Klaus, Armin V.",,759,,,United States of America,,
"Klaver, Piet",1890-1970,760,,,Netherlands,1890,1970
"Klaveren, Richard D. van",,761,,,United States of America,,
"Klein, zr. Elisabeth",1905-,762,,,Netherlands,1905,
"Kleine, Heinrich de",1901-1970,763,,,Germany,1901,1970
"Kleinjan, D.J., timmerman, smid",1883-1915,764,,,Netherlands,1883,1915
"Kleyn, dr. L.J., arts",1908-1944,765,,,Netherlands,1908,1944
"Klift, H. van der, zdl",1885-1952,766,,,Netherlands,1885,1952
"Klijnstra, Wolke, zdl",1864-1907,767,,,Netherlands,1864,1907
"Klinkert, H.C., zdl.",1829-1913,768,,,Netherlands,1829,1913
"Knecht, P.",1793/4-1823,769,,,Switzerland,1793/4,1823
"Ködding, Mathilde",1878-1951,770,,,Germany,1878,1951
"Ködding, Wilhelm, zdl",1837-1897,771,,,Germany,1837,1897
"Koelewijn, Dirk, ond.",1869-1936,772,,,Netherlands,1869,1936
"Koene, zr. Agatha Maria",1909-,773,,,Netherlands,1909,
"Koeverden Brouwer, G.H. v,an",1905-1953+,774,,,Netherlands,1905,1953+
"Kok, A., zdl",1885-1970,775,,,Netherlands,1885,1970
"Kok, Dirk, zdl",1890-1944,776,,,Netherlands,1890,1944
"Kolk, Jan Christoffel, zdl",1908-1987,777,,,Netherlands,1908,1987
"Kölling, W.J.",,778,,,Germany,,
"Kombrink, zr. M.",-1974,779,,,Netherlands,,1974
"Könemann, Willem, zdl",1905-1964,780,,,Netherlands,1905,1964
"Kooi, zr. Ietje",1906-,781,,,Netherlands,1906,
"Kooistra, A., zdl",1894-1969,782,,,Netherlands,1894,1969
"Koole, Jacob, ond.",1897-1944,783,,,Netherlands,1897,1944
"Koomen, P. de, ond.",1890-,784,,,Netherlands,1890,
"Koops-Veldkamp, ny. zr. C.",,785,,,Netherlands,,
"Korvinus, Hinka Laura, ond.",1913-1987,786,,,Netherlands,1913,1987
"Korvinus, ds. L.W.",1910-1975,787,,,Netherlands,1910,1975
"Koster, Johan Philip Daniel, zdl",1829-1864,788,,,Netherlands,1829,1864
"Kraemer, dr. H.",1888-1965,789,,,Netherlands,1888,1965
"Krafft, dr. A.J.C., ond.  theoloog, historicus, geograaf",1892-1964,790,,,Netherlands,1892,1964
"Kramer, Friedrich, zdl",1844-1920,792,,,Germany,1844,1920
"Kranz, Sophie P.",-1896,793,,,Germany,,1896
"Krautschick, A.I.",,794,,,Germany,,
"Kreck, Fritz, zdl",1905-1982,795,,,Germany,1905,1982
"Kreemer, J., zdl",1844/5-1907,796,,,Netherlands,1844/5,1907
"Krieg, Elfriede, ond.",1889-> 1952,797,,,Germany,1889,> 1952
"Krijger-Hulleman, A.M., zie Hulleman, A .M.",,798,,,,,
"Krijger, ds. L.P.",1884-1977,799,,,Netherlands,1884,1977
"Krijger, D.H., verpleger",1893-1987,800,,,Netherlands,1893,1987
"Kroeskamp, dr. H., ond.",1897- 1977,801,,,Netherlands,1897,1977
"Kroeze, zr. Grietje Rensina",1903-2005,802,,,Netherlands,1903,2005
"Kroh, Paul, zdl.",1897-1981,803,,,Germany,1897,1981
"Kronshage, zr. Antonie",1884-,804,,,Germany,1884,
"Kruit, zr. Petr. van der",1897-,805,,,Netherlands,1897,
"Kruijver, zr. Maartje",1894-,806,,,Netherlands,1894,
"Krul, P., zdl",1878-1945,807,,,Netherlands,1878,1945
"Krumm, Ewald F.",1866-1903,808,,,Germany,1866,1903
"Krüsmann, F.W., zdl",-1837,809,,,Germany,,1837
"Kruyt, A., zdl",1860-1916,810,,,Netherlands,1860,1916
"Kruyt, dr. Alb.C., zdl",1869-1949,811,,,Netherlands,1869,1949
"Kruyt, D.J., diakones",1882-,812,,,Netherlands,1882,
"Kruyt, H.C., zdl.",1862-1922,813,,,Netherlands,1862,1922
"Kruyt sr., J., zdl",1835-1918,814,,,Netherlands,1835,1918
"Kruyt jr., J., ond., zdl",1893-1978,815,,,Netherlands,1893,1978
"Kruyt, mw. J. (""Asje""), arts",1910-1974,816,,,Netherlands,1910,1974
"Kruyt, zr. Maria (""Miep"")",1911-1953,817,,,Netherlands,1911,1953
"Kübler, Otto, zdl-koopman",1874-1935+,818,,,Germany,1874,1935+
"Kuckel, Elise, ond.",1893-1990,819,,,Germany,1893,1990
"Kühnen, Carl Rudolf, zdl.",1865-1935,820,,,Germany,1865,1935
"Kühnle, F., zdl",1887-1959,821,,,Germany,1887,1959
"Kuiper, ds. G.D.",1903-1974,822,,,Netherlands,1903,1974
"Kuipers, ds. Thomas",1890-1945,823,,,Netherlands,1890,1945
"Kuyper, zr. Joh. Hendrika",1875-1948,824,,,Netherlands,1875,1948
"Lagemann, Heinrich, zdl",1851-1933,825,,,Germany,1851,1933
"Lambooij, ds. Pieter J.",1896-1983,826,,,Netherlands,1896,1983
"Lambregtse, zr. J., diakones",,827,,,Netherlands,,
"Lammers, L., zdl",-1824,828,,,Netherlands,,1824
"Lampmann, Heinrich, zdl",1880-1967,830,,,Germany,1880,1967
"Lamprecht, mw. E.",1910-,831,,,Germany,1910,
"Land, G., zdl",1866-1942+,832,,,Netherlands,1866,1942+
"Land, zr. .",,833,,,Netherlands,,
"Landgrebe, Johann Paulus, zdl",1873-1944,834,,,Germany,1873,1944
"Landwehr, August",1864-1912,835,,,Germany,1864,1912
"Lange, Adrianus de, zdl",1842-1910,836,,,Netherlands,1842,1910
"Langenbruch, zr. Marta",1907-1971,837,,,Germany,1907,1971
"Langenmann, Marie",1880-1966,838,,,Germany,1880,1966
"Langeveld, Joh. Martinus, zdl",1909-1990,839,,,Netherlands,1909,1990
"Langeveld-Steller, Amanda A.C.",1905-1994,840,,,Netherlands,1905,1994
"Lasschuit, H., zdl",1878-1949,841,,,Netherlands,1878,1949
"Lategahn, Carl, zdl",1862-1943,842,,,Germany,1862,1943
"Latsch, Karl, zdl",1884-1940,843,,,Germany,1884,1940
"Lau, Frieda",1892-1949,844,,,Germany,1892,1949
"Lee, Rev. Edwin Ferd.",1884-1948,845,,,United States of America,1884,1948
"Leersum, C.P. van, arts",1901-1970,846,,,Netherlands,1901,1970
"Leij, Siebe van der, arts",1867-1938,847,,,Netherlands,1867,1938
"Leipoldt, Chr. Friedrich, zdl",1844-1911,848,,,Germany,1844,1911
"Lenk, zr. K.",1886-..,849,,,Germany,1886,..
"Lenn, Paul R.",±1905-,850,,,China,±1905,
"Lenz, Ludwig Wilhelm, zwm",1823-1856,851,,,Germany,1823,1856
"Lenz, zr. Regina",1893-1980,853,,,Germany,1893,1980
"Lergon, Luise",1852-1924,854,,,Germany,1852,1924
"Le Roy, J.E. (Anna)",,855,,,United States of America,,
"Lett, August, zdl",1861-1909,856,,,Germany,1861,1909
"Letteboer, J.H., zdl",1871-1929,857,,,Netherlands,1871,1929
"Leung, T.K.",±1905-,858,,,China,±1905,
"Leussen, Chr.J. van, arts",1896-1975,859,,,Netherlands,1896,1975
"Lever, mevr.",,860,,,Netherlands,,
"Lewandowsky, Ed. H., zdl",1870-1900,861,,,Germany,1870,1900
"Liefde, C.J. van de, zdl",1836-1898,862,,,Netherlands,1836,1898
"Limburg, A., ond.",1860-1924,863,,,Netherlands,1860,1924
"Linde, Sybolt van der, zdl",1902-1995,864,,,Netherlands,1902,1995
"Lindeboom, Lucas B., arts",1907-1981,866,,,Netherlands,1907,1981
"Linden, J.C. ter, zie Terlinden",,867,,,,,
"Linden, Corn. Dor. van der, zwm",1829-1855,868,,,Netherlands,1829,1855
"Linden, D.J. van der, zdl",1837-1885,870,,,Netherlands,1837,1885
"Linden, ds. J. van der",1907-1998,871,,,Netherlands,1907,1998
"Linden, zr. M. van der",,872,,,Netherlands,,
"Linemann, F.H., zdl",1815-1883,873,,,Germany,1815,1883
"Link, Andreas",1871-1938,874,,,Germany,1871,1938
"Link, Wilhelm, zdl",1902-1958,875,,,Germany,1902,1958
"Linn, C.Y. (Jason S.)",1903-1973+,876,,,China,1903,1973+
"Lock, zr. M.W.",1885-1969,877,,,Netherlands,1885,1969
"Lodder, dr. Johannes, arts",1900-1959,878,,,Netherlands,1900,1959
"Loeff, H.A., zdl",1878-1960,879,,,Netherlands,1878,1960
"Loewenstein, Hermann",1898-,880,,,Germany,1898,
"Loggen (sic), zr. Grada R. Gesina",1870-,881,,,Netherlands,1870,
"Lombeck, August H., zdl",1868-1941,882,,,Germany,1868,1941
"Looijenga, Martha",1883-,883,,,Netherlands,1883,
"Loois, H., verpleger",1884-1944,884,,,Netherlands,1884,1944
"Loosdrecht, A.A. van de, zdl",1885-1917,885,,,Netherlands,1885,1917
"Loots, zr. M., diacones",1889/0-1983,886,,,Netherlands,1889/0,1983
"Lörcher, W., zdl",1900-1982,887,,,Switzerland,1900,1982
"Lötz, Carl, zdl",1877-1932,888,,,Germany,1877,1932
"Louis, Maria, ond.",1866-,889,,,Germany,1866,
"Louwerier, D., zdl",1871-1932+,890,,,Netherlands,1871,1932+
"Louwerier, J., zdl",1840-1933,891,,,Netherlands,1840,1933
"Löwen, Peter, zdl.",1894-1955,892,,,Russia,1894,1955
"Lück, Albert,",1886-1942,893,,,Germany,1886,1942
"Luijendijk, ds. P.J.",1907-1985,894,,,Netherlands,1907,1985
"Luijke (Luyke) W., zdl",1796/7-1886 NZG,895,,,Netherlands,1796/7,1886 NZG
"Luinenburg, mw. D., ond.",1902-,896,,,Netherlands,1902,
"Luinenburg, O.",1899-,897,,,Netherlands,1899,
"Luinenburg, S., zdl",1874-1959,898,,,Netherlands,1874,1959
"Luitjes, Tjerk",1907-1989,899,,,Netherlands,1907,1989
"Lukkien, E.W.",1893-,900,,,Netherlands,1893,
"Lyman, Henry, zdl",1809-1834,901,,,United States of America,1809,1834
"Maan, G., zdl",1869-1954,902,,,Netherlands,1869,1954
"Mansell, Rev. Harry B.",1882-1956,903,,,United States of America,1882,1956
"Marcks, Otto, zdl",1875-1937,904,,,Germany,1875,1937
"Marle, T.G. van, arts",1874-,905,,,Netherlands,1874,
"Marsh, Lilian Frences",-1964,906,,,United Kingdom,,1964
"Marstaller, zr. Emilie",1911-1985,907,,,Switzerland,1911,1985
"Martin, Karl Alfred, zdl",1897-1971,908,,,Germany,1897,1971
"Mason, Emily Joy ()",1901-1970,909,,,Canada,1901,1970
"Mattern, A., zdl.",1806/7-'42,910,,,Germany,1806/7,'42
"Matthes, dr. Benjamin Fred.",1818-1908,911,,,Netherlands,1818,1908
"Matthews, Joseph B., ond.",1894-1966,912,,,United States of America,1894,1966
"Mayer, zr. Elisabeth",1904-1951,913,,,Germany,1904,1951
"McFerren, Rev. D.D.",,914,,,United States of America,,
"Means, Rev. Paul Banwell, ond.",1894-1980,915,,,United States of America,1894,1980
"Medhurst, Walter H., zdl",1796-1857,916,,,United Kingdom,1796,1857
"Meelhuysen, zr. M.W.",1916-1979,917,,,Netherlands,1916,1979
"Meerwaldt, Jac. Henr. sr., ond.",1854-1920,918,,,Netherlands,1854,1920
"Meerwaldt, Jac. Hendr. jr.",1887-1967,919,,,Netherlands,1887,1967
"Meeuwig, Joh. Hermanus, zdl",1839-±1923,920,,,Netherlands,1839,±1923
"Meijer, zr. J.M.J.",-1994+,921,,,Netherlands,,1994+
"Meijerink, H.J.W.A., ond.",1884-1959,922,,,Netherlands,1884,1959
"Meijwes (Meeuwes), Jan",1864-1955,923,,,Netherlands,1864,1955
"Meinders, zr. Elisabeth",1894-1962,924,,,Netherlands,1894,1962
"Meinefeld, Jutta",1903-1990,925,,,Germany,1903,1990
"Meis, Carl Wilhelm, zdl",1867-1922,926,,,Germany,1867,1922
"Meisel, Richard, zdl",1872-1946,927,,,Germany,1872,1946
"Meltzer, John Clinton, zdl",1906-1994,928,,,United States of America,1906,1994
"Menzel, Gustav, zdl",1908-1999,929,,,Germany,1908,1999
"Merkelijn, ds. Aart",1878-1943,930,,,Netherlands,1878,1943
"Mertin, zr. Hedwig",1896-1955,931,,,Germany,1896,1955
"Merwart, mw. Ph.A.M., ond.",1889-1943/5,932,,,Netherlands,1889,1943/5
"Metz, Judicus, zdl",1867-1944,933,,,Netherlands,1867,1944
"Metzler, Anna Elisabeth",1885-1985,934,,,Germany,1885,1985
"Metzler, Wilhelm, zdl",1847-1935,935,,,Germany,1847,1935
"Meyer/Meijer, dhr. G.",,936,,,Netherlands,,
"Meyer, zr. Gesina Johanna",1898-,937,,,Netherlands,1898,
"Meyer, zr. J.M.J., zie Meijer ",,938,,,,,
"Meyer, Otto, zdl",,939,,,Germany,,
"Michaelis, Johann L., zwm",±1828-1866,940,,,Germany,±1828,1866
"Michaelis, Oskar Paul, arts",1907,941,,,Germany,1907,
"Michel, Johannes K.K., zdl",1850-1915,942,,,Germany,1850,1915
"Michel, Wilhelm, zdl",1908-1968,943,,,Germany,1908,1968
"Mickelson, Einar, zdl",,944,,,United States of America,,
"Middelkoop, dr. Pieter",1895-1973,945,,,Netherlands,1895,1973
"Midtbö, Vincent  (Zie Synneva Vestheim, Alle dagen)",1922-1944,946,,,Scandinavia,1922,1944
"Miedema, drs. C. J., ond/verpl.",1908-1994,948,,,Netherlands,1908,1994
"Miedema, Jelle, arts",1897-1978,949,,,Netherlands,1897,1978
"Miedema, K., zdl",1904-1959,950,,,Netherlands,1904,1959
"Miesen, J.H.W. van der, zdl",1873-1936+,951,,,Netherlands,1873,1936+
"Mikat, Anna",1885-1969,952,,,Germany,1885,1969
"Milne, William, zdl",1785-1822,953,,,United Kingdom,1785,1822
"Mindermann, Brüne, zdl",1872-1960,954,,,Germany,1872,1960
"Minkhorst, J.H., ond.",1894-1943,955,,,Netherlands,1894,1943
"Mitchell, Hubert.",1907-1995,956,,,United States of America,1907,1995
"Mittelstädt, Kurt E.",1901-1984,957,,,Germany,1901,1984
"Miyahira, Shusho/Hidemata ()",1904-1976,958,,,Japan,1904,1976
"Mobach, Tjebbe, ond.",1890-1983,959,,,Netherlands,1890,1983
"Moens, Hendrik P., zwm",1831-1882,960,,,Netherlands,1831,1882
"Mohri, August",1835-1897,961,,,Germany,1835,1897
"Mol, zr. Gerritje",1873-1929,962,,,Netherlands,1873,1929
"Mol, Pieter Gerrit",1878-1907,963,,,Netherlands,1878,1907
"Mol van Otterloo, A. de,",1893-1965+,964,,,Netherlands,1893,1965+
"Mollema, G.W.M., zdl",1903-1950,965,,,Netherlands,1903,1950
"Möller, Daniel",1879-1954,966,,,Germany,1879,1954
"Möller, Friedrich",1907-1982,968,,,Germany,1907,1982
"Möller, Julius, arts",1884-1942,969,,,Germany,1884,1942
"Momeyer, August",1868-1941,970,,,Germany,1868,1941
"Mooy/ij, Jacoba, ond.",,971,,,Netherlands,,
"Morken, David E.",1910-2003,972,,,United States of America,1910,2003
"Mosche, C.F.F. , zwm",1840-1868,973,,,Germany,1840,1868
"Motte, Georges ()",±1900-1971+,974,,,Belgium,±1900,1971+
"Mouw, J. Arthur, zdl",1903-1987,975,,,United States of America,1903,1987
"Mühlnickel, J.G. Adolph, zwm",1822-1897,976,,,Germany,1822,1897
"Mühlnickel, August, zwm",1826-1859,977,,,Germany,1826,1859
"Muijs, zr. Hendrika Cornelia",1901-1995,978,,,Netherlands,1901,1995
"Muis, J.J., zdl",1868-1945,979,,,Netherlands,1868,1945
"Mulder, J., ond.",,980,,,Netherlands,,
"Muller, D., zdl",1777/8-1826,981,,,Switzerland,1777/8,1826
"Muller, Marinus Gerard, arts",1894-1981,982,,,Netherlands,1894,1981
"Müller, Eduard, zdl",1879-1937+,983,,,Germany,1879,1937+
"Müller, H., zdl",1866-1923+,985,,,Germany,1866,1923+
"Müller, H., zdl",,987,,,Netherlands,,
"Müller, H. zdl",1895-,989,,,Switzerland,1895,
"Müller, W., zdl",1898-1934,991,,,Germany,1898,1934
"Müller, Wilhelm, zdl",1878-1942,992,,,Germany,1878,1942
"Müller, Wilhelm, zdl",1905-1976,993,,,Germany,1905,1976
"Müller-Krüger, dr. Th.",1902-1980,994,,,Germany,1902,1980
"Munk, Jan Carel, ond.",1881-1928,995,,,Netherlands,1881,1928
"Munnik, Franciscus de, zdl",1865-1938,996,,,Netherlands,1865,1938
"Munson, Albert",1890-1979,997,,,United States of America,1890,1979
"Munson, Melvin",1889-1961,998,,,United States of America,1889,1961
"Munson, Ralph Waldo",1840-1934,999,,,United States of America,1840,1934
"Munson, Samuel, zdl",1804-1834,1000,,,United States of America,1804,1834
"Munters, zr. Nic. Helena",1909-,1001,,,Netherlands,1909,
"Muyen/Muijen, zr. Maria van",1892-1988,1002,,,Netherlands,1892,1988
"Muylwijk, J. van, zdl",1881-1945,1003,,,Netherlands,1881,1945
"Muylwijk, zr. Joh. Adr. Maria",1903-,1004,,,Netherlands,1903,
"Muijs/Muys, zr. Hendr. Clasina",1901-,1005,,,Netherlands,1901,
"Myers, Ms. Mary, ond.",1866-,1006,,,United States of America,1866,
"Nachtigal, Peter, zdl.",1881-1928,1007,,,Russia,1881,1928
"Nauta, H.J., ond.",1881-1945,1008,,,Netherlands,1881,1945
"Neef, A.J. de, zdl",1892-1948,1009,,,Netherlands,1892,1948
"Needham, Hester",1843-1897,1010,,,United Kingdom,1843,1897
"Neef, N. de, ond.",1884-1974,1011,,,Netherlands,1884,1974
"Nes, ds. C. van",1906-1988,1012,,,Netherlands,1906,1988
"Netelenbos, ds. Lambertus",1876-1955,1013,,,Netherlands,1876,1955
"Netelenbos, zr. Wilh. Hendr.",1879-1964,1014,,,Netherlands,1879,1964
"Neubronner, zie Tuuk, van der",,1015,,,,,
"Neumann, J.H., zdl",1876-1949,1016,,,Netherlands,1876,1949
"Neumann, Margarethe",1869-,1017,,,Germany,1869,
"Nevius, Elbert S.",1808-1897,1018,,,United States of America,1808,1897
"Nieboer, zr. Hilke",1899-1996,1019,,,Netherlands,1899,1996
"Nicholls, Ms. Lee Edna",1880-1951?,1020,,,United States of America,1880,1951?
"Nielsen, Clara, ond.",1910-1993,1021,,,Germany,1910,1993
"Niemann, Edward Ward",1908-1999,1022,,,Germany,1908,1999
"Niemann, Lisette",1850-1921,1023,,,Germany,1850,1921
"Niephaus, Heinrich, zdl",1875-1933,1024,,,Germany,1875,1933
"Niet, mr. Maarten de",1904-1979,1025,,,Netherlands,1904,1979
"Niet, zr. Maria Adriana de",1897-1989,1026,,,Netherlands,1897,1989
"Niet, G.D.W. te, zwm (ond.)",1825-1905,1027,,,Netherlands,1825,1905
"Nieuwenhuizen, zr. C.W. van",,1028,,,Netherlands,,
"Nijenhuis, J.H.D., zdl",1893-1944,1029,,,Netherlands,1893,1944
"Nikkel, Gerhard, zdl.",1861-1932,1030,,,Russia,1861,1932
"Niks, J.F., zdl",1843-1930,1031,,,Netherlands,1843,1930
"Noll, Johannes, zdl",1869-1954,1032,,,Germany,1869,1954
"Nommensen, Ingwer L., zdl",1834-1918,1033,,,Germany,1834,1918
"Nommensen, Jon. Tim., zdl",1873-1950,1034,,,Germany,1873,1950
"Nonnenberg, Rudolf H.K., ond.",1903-1971,1035,,,Germany,1903,1971
"Noordhoff, G. (O-Friesl.), zdl",1801/2-'42,1036,,,Germany,1801/2,'42
"Noordzij, Willem A., ond.",1892-1942/5,1038,,,Netherlands,1892,1942/5
"Noort, A.C., ond.",1906-1982,1039,,,Netherlands,1906,1982
"Noort, Rev. J. van den",,1040,,,United States of America,,
"Nooy, H.W., zdl",1825-1853,1041,,,Netherlands,1825,1853
"Noppen, L.M. van, zdl",1887-1943,1042,,,Netherlands,1887,1943
"Nortier, dr. Adriaan, arts",1885-1940,1043,,,Netherlands,1885,1940
"Nortier, C.W., zdl",1888-1963,1044,,,Netherlands,1888,1963
"Noteboom, L., arts",,1045,,,Netherlands,,
"Notten, Diederik Theod., ond.",1882-1936,1046,,,Netherlands,1882,1936
"Nusteeg, zr. A.",1880/1-1964,1047,,,Netherlands,1880/1,1964
"Oechsli, Rev. Leonard",1885-1955,1048,,,United States of America,1885,1955
"Oelschlaeger, Ms. Louise",,1049,,,United States of America,,
"Offringa, Joh., arts",1883-1950,1050,,,Netherlands,1883,1950
"Ohme, B.O.",1880-1945,1051,,,Germany,1880,1945
"Olesen, Ms. E., ond.",,1052,,,United States of America,,
"Onvlee, dr. Louis",1893-1986,1053,,,Netherlands,1893,1986
"Ooms, Antje, ond.",1889-1979,1054,,,Netherlands,1889,1979
"Oosterhuis, Jan W., arts",1884-1955,1055,,,Netherlands,1884,1955
"Oosterveen, Harm, arts",1908-1944,1056,,,Netherlands,1908,1944
"Orlopp, zr. Maria",1901-1994,1057,,,Germany,1901,1994
"Ormel, zr. J.Th.",1913-1961,1058,,,Netherlands,1913,1961
"Ostrom, Rev. Egon ()",1903-1945,1059,,,Sweden,1903,1945
"Otterspoor, W., zdl.",1840-1869,1060,,,Netherlands,1840,1869
"Ottow, C.W., zwm",1826-1862,1062,,,Germany,1826,1862
"Ottow, J.C.G., zdl/ond.",1861-1945,1063,,,Netherlands,1861,1945
"Ottow, M.",1898-1983,1064,,,Netherlands,1898,1983
"Pakianathan, Solomon Swa­mi­dason",1881-1962,1065,,,South India,1881,1962
"Palm, mw. H.M.",,1067,,,Netherlands,,
"Panman, zr. Anna Joh. Helena",1893-1980,1068,,,Netherlands,1893,1980
"Pape, Franz, zwm",±1833-1874+,1069,,,Germany,±1833,1874+
"Papendick, Margarete",1884-1960,1070,,,Germany,1884,1960
"Patterson, W.W.m zdl.",,1071,,,United States of America,,
"Pattison, L.O.",,1072,,,United States of America,,
"Peddemors, Willem, arts",1906-1997,1073,,,Netherlands,1906,1997
"Pelzer, zr. Margarethe",1909-1948,1074,,,Germany,1909,1948
"Pennings, Abr., zdl",1875-1966,1075,,,Netherlands,1875,1966
"Pennings, Ant.A., zdl",1870-1902,1076,,,Netherlands,1870,1902
"Perdok, Hindrik, zdl",1908-1979,1077,,,Netherlands,1908,1979
"Perkins, Rev. Raymond G.",1884-,1078,,,United States of America,1884,
"Phillips, Joseph Luxford, zdl",1783-1820,1079,,,United Kingdom,1783,1820
"Piccer, Johanna",1887-1945,1080,,,Netherlands,1887,1945
"Pichler, Aug. R. Erich, zdl",1883-1965,1081,,,Germany,1883,1965
"Pieper, Adolf, zdl",1882-1929,1082,,,Germany,1882,1929
"Pieron, ds. Alle Fred. Joh.  zie GZbl 1940, 63",1908-1944,1083,,,Netherlands,1908,1944
"Pieters, Jan Hendrik, zdl",1883/4-1978,1085,,,Netherlands,1883/4,1978
"Pieters, zr. T.",,1086,,,Netherlands,,
"Pijsel, mw. A., arts",1878-1929,1087,,,Netherlands,1878,1929
"Pik, J., zdl",1881-1955,1088,,,Netherlands,1881,1955
"Pilgenröder, Adolf, zdl",1869-1949,1089,,,Germany,1869,1949
"Pilgram, Gustav, zdl",1848-1913,1090,,,Germany,1848,1913
"Pilon, Pieter J.J.R.T. arts",1883-1958,1091,,,Netherlands,1883,1958
"Pinckney, Charles E., arts",,1092,,,United States of America,,
"Pistor, Paula Bauszat-",1877-1948,1093,,,Germany,1877,1948
"Pistor, Ruth",1905-1997,1094,,,Germany,1905,1997
"Plaum, Wilhelm, zdl.",1905-,1095,,,Germany,1905,
"Ploeger, Albertus, zdl",1905-1986,1096,,,Netherlands,1905,1986
"Ploegman, W.F., ond.",1805-1873,1097,,,Netherlands,1805,1873
"Poel, J. van der, zdl",1892-1972,1098,,,Netherlands,1892,1972
"Poensen, C., zdl",1836-1919,1099,,,Netherlands,1836,1919
"Pohlig, Peter, zdl",1860-1915,1100,,,Germany,1860,1915
"Pohlmann, William J., zdl",,1101,,,United States of America,,
"Pol, H., zdl.",1898-1972,1102,,,Netherlands,1898,1972
"Polet, Willem Hendrik",1895-1992,1103,,,Netherlands,1895,1992
"Pontier, zr. Paulina Johanna",1885-1918,1104,,,Netherlands,1885,1918
"Poot, A., zdl",1901-1978,1105,,,Netherlands,1901,1978
"Poppy, Jemima, ond.",1818-1869,1106,,,United Kingdom,1818,1869
"Por, zr. G.",1888-,1107,,,Netherlands,1888,
"Pos, ds. A.",1888-1971,1108,,,Netherlands,1888,1971
"Pos, ds. W.",1856/7-1914,1109,,,Netherlands,1856/7,1914
"Post, Harry W., zdl",,1110,,,United States of America,,
"Post, Walter M., zdl",,1111,,,United States of America,,
"Postema, zr. Etje",1906-,1112,,,,1906,
"Postema, zr. Trijntje  (GZbl 1939, 255)",1912-,1113,,,Netherlands,1912,
"Poutiainen, Toivo ()",±1900-'38,1115,,,Finland,±1900,'38
"Präger-Lenk, zie Lenk",,1116,,,,,
"Presswood, W. Ernest, zdl ()",1908-1946,1117,,,Canada,1908,1946
"Prins, D.C., zdl",1888-1945,1118,,,Netherlands,1888,1945
"Prins-Hardeman, B.A., ond.",1888-1967,1119,,,Netherlands,1888,1967
"Prins, zr. Jantje, verpl.",1890-,1120,,,Netherlands,1890,
"Probst, Karl, zdl",1865-1918,1121,,,Germany,1865,1918
"Proosdij, C. van, arts",1887-1949,1122,,,Netherlands,1887,1949
"Proud, R. ()",,1123,,,United Kingdom,,
"Pruijs, dr. Hendrik Simon, arts",1866-1944/5,1124,,,Netherlands,1866,1944/5
"Pruijs, Willem Marie, arts",1901-1982,1125,,,Netherlands,1901,1982
"Pruis, dr. Geert Wl .Adr, arts",1899-1959,1126,,,Netherlands,1899,1959
"Prüsener, Franziska",1874-1953,1127,,,Germany,1874,1953
"Prussner, A.H., arts",1884-1947,1128,,,United States of America,1884,1947
"Puik, Rijk, ond.",1908-,1129,,,Netherlands,1908,
"Püschel, Agnes A.S., ond.",1887-1961,1130,,,Germany,1887,1961
"Püse, Heinrich, zdl",1841-1920,1131,,,Germany,1841,1920
"Put, Lulof Hendrik, zdl",1911-1956,1132,,,Netherlands,1911,1956
"Putten, Marius van, ond.",1888-1975,1133,,,Netherlands,1888,1975
"Pykett, Rev. G.F.",,1134,,,United States of America,,
"Quentmeyer, Ernst, zdl",1875-1962,1135,,,Germany,1875,1962
"Quistorp, Hanna",1893-1981,1136,,,Germany,1893,1981
"Raatschen, Heinrich, zdl",1901-1945,1137,,,Germany,1901,1945
"Rabeneck, Heinrich, zdl",1875-1939,1138,,,Germany,1875,1939
"Rade, Lisbeth A.D.",1893-1956,1139,,,Germany,1893,1956
"Rado, Tabor, arts",1893-1926+,1140,,,Hungary,1893,1926+
"Ramaker, D.",1890-,1141,,,Netherlands,1890,
"Randwijck, S.C. Graaf van",1901-1997,1142,,,Netherlands,1901,1997
"Raycroft, Ms. Ruby A., ond.",,1143,,,United States of America,,
"Rebuschat, Gustav, zdl",1905-1984,1144,,,Germany,1905,1984
"Redinger, June E., ond.",,1145,,,United States of America,,
"Reenen, ds. G.J. van",1905-1964,1146,,,Netherlands,1905,1964
"Reichler, Frieda",1900-1978,1147,,,Germany,1900,1978
"Reichl, zr. Marianne",1913-1950,1148,,,Germany,1913,1950
"Reinartz, Hildegard, ond.",1900-1969,1149,,,Germany,1900,1969
"Reinshagen, Amalie",1862-?,1150,,,Germany,1862,?
"Reiter, H., zdl",1896-1942,1151,,,Germany,1896,1942
"Reitze, Heinrich, zdl",1862-1938,1152,,,Germany,1862,1938
"Renes, G.J., arts",1914?-1986?,1153,,,Netherlands,1914?,1986?
"Renes, Jan, ond.",1899-1970,1154,,,Netherlands,1899,1970
"Renken, Anton, zdl",1859-1928,1155,,,Germany,1859,1928
"Reynhout, J., ond.",1899-1997,1156,,,Netherlands,1899,1997
"Richert, zr. Susanna",,1157,,,Russia,,
"Richter, W. , zwm",1823-1885,1158,,,Germany,1823,1885
"Riedel, J.F., zdl",1798-1860,1159,,,Germany,1798,1860
"Riedel, Karl , zdl",1892-1953,1160,,,Germany,1892,1953
"Rienecker, Pauline Helene",1876-1922,1161,,,Germany,1876,1922
"Rihs, Arnold, zdl",1907-1981,1162,,,Switzerland,1907,1981
"Rijkhoek, Daniël, zdl",1887-1970,1163,,,Netherlands,1887,1970
"Rijkhoek, Jannetje Maria  (Jean­nette)",1894-1974,1164,,,Netherlands,1894,1974
"Rijn, Christiaan van, zdl",,1166,,,Netherlands,,
"Rinck, zr. Wilh. Chr.",1905-,1167,,,Netherlands,1905,
"Rinnooij, Nicolaas, zdl",1841-1913,1168,,,Netherlands,1841,1913
"Ritsema, J., zdl",1884-1950,1169,,,Netherlands,1884,1950
"Rittich, Robert",1892-1973,1171,,,Germany,1892,1973
"Robinson, William, zdl",1784-1853,1172,,,United Kingdom,1784,1853
"Röder, H., bouwkundige",1901-1970,1173,,,Germany,1901,1970
"Roepman, zr. Elizabeth Maria",1880-,1174,,,Netherlands,1880,
"Roest Jr, C. van der, drukker",1874 -1926,1175,,,Netherlands,1874,1926
"Roest, J.L.D. van der, zdl",1867-1950,1176,,,Netherlands,1867,1950
"Rohde, Eleonora C.",1891-1970?,1177,,,United States of America,1891,1970?
"Rolff, zr. C.W., diacones",1885/6-1976,1178,,,Netherlands,1885/6,1976
"Rooker, Hessel, zdl",1830-1915,1179,,,Netherlands,1830,1915
"Rooker, J.H. zie Hiebink R.",,1180,,,,,
"Roorda van Eysinga, zr. H.J.",1903-1996,1181,,,Netherlands,1903,1996
"Roose, zr. Corn. Mart., diacones",1881-1961,1182,,,Netherlands,1881,1961
"Rooseboom, Jacominus Arn., zdl",1901-1971,1183,,,Netherlands,1901,1971
"Rooy, zr. M.J. de",,1184,,,Netherlands,,
"Rosenlund, Edward ()",-1939,1185,,,Finland,,1939
"Roskes, J.W., zdl",1843-1918,1186,,,Netherlands,1843,1918
"Roskott, B.N.J., ond.",1811-1873,1187,,,Germany,1811,1873
"Roslund, mw. N.A.K., vroedvrouw",,1188,,,Scandinavia,,
"Rott, Ferdinand, zdl",1823-1859,1189,,,Germany,1823,1859
"Röttger, E.H., zdl",1801-1852+,1190,,,Germany,1801,1852+
"Royer, dr. G., arts",1889-1958,1191,,,Netherlands,1889,1958
"Rübcke, Elly",1905-2001,1192,,,Germany,1905,2001
"Ruden, C.L., zdl",1808-1842,1193,,,Germany,1808,1842
"Rudersdorf, Otto, zdl",1869-1952,1194,,,Germany,1869,1952
"Ruijssenaers, ds. Gerrit Joh.",1875-1907,1195,,,Netherlands,1875,1907
"Ruijter, H. H. de, diakones",1867-1936,1196,,,Netherlands,1867,1936
"Russmann, Annemarie",1868-..,1197,,,Germany,1868,..
"Rutgers, Jacqueline C.",1874-1951,1198,,,Netherlands,1874,1951
"Rutgers, Jeremina Fred., ond.",1882-1964,1199,,,Netherlands,1882,1964
"Ruth, E. Naomi",,1200,,,United States of America,,
"Rutkowsky, Alfred, zdl",1908-2002,1201,,,Germany,1908,2002
"Ruttink, H.C.G., zdl",1876-1958,1202,,,Netherlands,1876,1958
"Ruysch v Dugteren, E.M.H., zdl",1886-1915,1203,,,Netherlands,1886,1915
"Saathof, Daniël, ond.",1895-1957,1204,,,Netherlands,1895,1957
"Sadler, Ms. E.",,1205,,,United States of America,,
"Sande, Andrew, zdl",-1942,1206,,,United States of America,,1942
"Sandell, zr. Anna Amelia",1875-1942,1207,,,United States of America,1875,1942
"Sander, zr. Adriana Clasina",1901-1973,1208,,,Netherlands,1901,1973
"Sartor, Edmund, zdl",1883-1941,1209,,,Germany,1883,1941
"Savornin Lohman, jkvr. zr. Eli­sa­beth Johanna de",1903-Mei '45,1210,,,Netherlands,1903,Mei '45
"Schaafsma, A.O., zdl",1830-1896,1211,,,Netherlands,1830,1896
"Schaafsma-de Jong, H., ond.",1859-1923,1212,,,Netherlands,1859,1923
"Schächter, Martha",1896-1989,1213,,,Germany,1896,1989
"Schärer, dr. Hans, zdl",1904-1947,1214,,,Switzerland,1904,1947
"Scheffer, zr. Y.",1901-'66[?],1215,,,Netherlands,1901,'66[?]
"Scheffler, Johanna Bertha",1883-,1216,,,Germany,1883,
"Schekelmann, zr. Sophie",1906-1990,1217,,,Germany,1906,1990
"Schelfhorst, F., zdl",1872-1942/5,1218,,,Netherlands,1872,1942/5
"Schell, H.E.R.",,1219,,,United States of America,,
"Schelven, Maria Johanna van",1882-1934,1220,,,Netherlands,1882,1934
"Schepper, mr. dr. J.M.J.",1888-1967,1221,,,Netherlands,1888,1967
"Schernus, Martin",1879-1933,1222,,,Germany,1879,1933
"Scherrer, J.E.E., zdl",1889-1964,1223,,,Switzerland,1889,1964
"Scheurer, Jan Gerrit, arts",1864-1928,1224,,,Netherlands,1864,1928
"Schildmann, Ewald, zdl",1910-1989,1225,,,Germany,1910,1989
"Schilstra, Sybren, zdl",1840-1909,1226,,,Netherlands,1840,1909
"Schlipköter, Emil, zdl",1879-1965,1227,,,Germany,1879,1965
"Schlipköter, zr. F.",1872-1920,1228,,,Germany,1872,1920
"Schmid, Fr.",1892-1950,1229,,,Switzerland,1892,1950
"Schmiedeskamp, mw. A., ond.",1893-1959,1230,,,Germany,1893,1959
"Schmidt, Friedrich",1868-1936,1231,,,Germany,1868,1936
"Schmidt, Isaac Chester",1887-1978,1232,,,United States of America,1887,1978
"Schmidt, Johannes C.A., zwm",1831-,1233,,,Germany,1831,
"Schmidt, R., zdl",1909-1960,1234,,,Germany,1909,1960
"Schmidt, Wilhelm, zdl",1871-1941,1235,,,Germany,1871,1941
"Schmitt, Hermann, zdl",1898-1942,1236,,,Germany,1898,1942
"Schmitt, Lydia",1897-1965,1237,,,Germany,1897,1965
"Schmitz, Johann Gerhard",1880-±1940,1238,,,Netherlands,1880,±1940
"Schnatbaum, Wilhelm, zdl",1887-1961,1239,,,Germany,1887,1961
"Schneider, Alfred",1905-1992,1240,,,Germany,1905,1992
"Schneider, Friedrich G., zdl",1880-1965,1241,,,Germany,1880,1965
"Schneider, G.J., zdl",1890-1942,1242,,,Germany,1890,1942
"Schneider, Robert, zdl",1884-1961,1243,,,Germany,1884,1961
"Schniepp, zr. Lydia E.",,1244,,,Germany,,
"Schoch, M.L.W., diakones",1876-1962,1245,,,Netherlands,1876,1962
"Schoepe, Walter, ond.",1903-,1246,,,Germany,1903,
"Scholten, G.H. zdl",1884-1926,1247,,,Netherlands,1884,1926
"Scholten, G.J. arts  (zv H.H. Sch.)",±1910-1939,1248,,,Netherlands,±1910,1939
"Scholten, Hindrik Henderikus",1881-1944,1249,,,Netherlands,1881,1944
"Schot, C.G., zdl",1827-1874,1250,,,Netherlands,1827,1874
"Schrey, Johannes, zdl",1852-1927,1251,,,Germany,1852,1927
"Schreiber, August W., zdl",1839-1903,1252,,,Germany,1839,1903
"Schreiber, Chr., zdl",1886-1965,1253,,,Germany,1886,1965
"Schreiber, Fr. Carl, zdl",1886-1963,1254,,,Germany,1886,1963
"Schreiber, Frieda",1877-1951,1255,,,Germany,1877,1951
"Schreiber, Dr. Werner J., zdl",1872-1941,1256,,,Germany,1872,1941
"Schreuder, mw. Ch.H., arts",1911-1966,1257,,,Netherlands,1911,1966
"Schröder, C.J.M.L. , zwm",1830-1885,1258,,,Germany,1830,1885
"Schröder, G.F., zdl",1868-1927,1259,,,Netherlands,1868,1927
"Schröder, zr. L.",,1260,,,Netherlands,,
"Schröder, Willem Frederik, zdl",1889-1969,1261,,,Netherlands,1889,1969
"Schrok, Herman Corn., arts",1907-1969,1262,,,Netherlands,1907,1969
"Schuh, B., zdl (Fr.)",1823/4-'62+,1263,,,,1823/4,'62+
"Schuijt, Pieter, zdl",1884-1980,1264,,,Netherlands,1884,1980
"Schulz, Rudolf U.W., zdl",1893-1984,1265,,,Germany,1893,1984
"Schumann, Rudolf, zdl",1882-1948,1266,,,Germany,1882,1948
"Schuringa, zr. M.",1892-1986,1267,,,Netherlands,1892,1986
"Schuringa, zr. S.J.",1900-1983,1268,,,Netherlands,1900,1983
"Schut, J.A.F., zdl",1871-1931,1269,,,Netherlands,1871,1931
"Schütz, Philipp Chr., zdl",1838-1922,1270,,,Germany,1838,1922
"Schuurman, dr. B.M., zdl",1889-1945,1271,,,Netherlands,1889,1945
"Schuurman, zr. M.",1892-1977,1272,,,Netherlands,1892,1977
"Schuurmans, J., zdl",1896-1963,1273,,,Netherlands,1896,1963
"Schuurmans, Nic. Dirk, zdl.",1838-1908,1274,,,Netherlands,1838,1908
"Schwab, Ms. Elsie",,1275,,,United States of America,,
"Schwartz, Alfred, zdl",1905-1942,1276,,,Germany,1905,1942
"Schwarz, G., zdl",1892-1933,1277,,,Germany,1892,1933
"Schwarz, Joh. Alb. Traugott, zdl",1836-1918,1278,,,Netherlands,1836,1918
"Schwarz, J.G., zdl.",1800-1859,1279,,,Germany,1800,1859
"Schweflinghaus, Elly",1907-1993,1280,,,Germany,1907,1993
"Schweitzer, H., zdl",1904-1942,1281,,,Germany,1904,1942
"Seely, Philoma R.",,1282,,,United States of America,,
"Seher, Franz Heinrich, zdl",1864-1925,1283,,,Germany,1864,1925
"Seibel, Frida, ond.",1911-,1284,,,Germany,1911,
"Seibold, K., zdl",1887-1965,1285,,,Germany,1887,1965
"Senk, Paul, zdl",1902-1971,1286,,,Germany,1902,1971
"Shover, Rev. J.C.",,1287,,,United States of America,,
"Sickinger, O.E., arts",1888-1933,1288,,,Germany,1888,1933
"Siderius, zr. Sara",1891-1971,1289,,,Netherlands,1891,1971
"Siegler, Helene, ond.",1906-2002,1290,,,Germany,1906,2002
"Siegner, J., zdl",1909-1942,1291,,,Germany,1909,1942
"Siemens, Jakob, zdl.",1876-,1292,,,Russia,1876,
"Sigel, Hugo Ferd., arts",1895-1969,1293,,,Germany,1895,1969
"Simon, Gottfried Karl, zdl",1870-1951,1294,,,Germany,1870,1951
"Simon, G., arts",1897-,1295,,,Germany,1897,
"Simoneit, August, zdl",1842-1886,1296,,,Germany,1842,1886
"Skadsheim, zie Tunheim",,1297,,,,,
"Skubinna, Fr. Wilh., zdl",1885-1965,1298,,,Germany,1885,1965
"Slagter, zr. Cornelia",1866-1943,1299,,,Netherlands,1866,1943
"Slater, John, zdl",1789-,1300,,,United Kingdom,1789,
"Slettenaar, H., arts",1899-1977,1301,,,Netherlands,1899,1977
"Sloot, Reinder, ond.",1886-1931,1302,,,Netherlands,1886,1931
"Slotemaker de Bruïne, mw. C.",1900-1987,1303,,,Netherlands,1900,1987
"Slotemaker de Bruïne, dr. M.C.",1897-1986,1304,,,Netherlands,1897,1986
"Slotemaker de Bruïne, dr. NAC",1895-1969,1305,,,Netherlands,1895,1969
"Slump, F., zdl",1896-1972,1306,,,Netherlands,1896,1972
"Smalbraak, J., arts",1908/9-1998,1307,,,Netherlands,1908/9,1998
"Smeding, Hendrik, zdl",1833-1891,1308,,,Netherlands,1833,1891
"Smit, Gezinus, zdl",1883-1958,1309,,,Netherlands,1883,1958
"Smit, zr. P., diakones",,1310,,,Netherlands,,
"Smit, Wolter Arinus zdl",1906-1976,1311,,,Netherlands,1906,1976
"Snuggs, Ed. Thom, zdl ()",1860-?,1312,,,United Kingdom,1860,?
"Soeting, zr. Hill. Pieter­nella",1907-2002,1313,,,Netherlands,1907,2002
"Solinger, D., zdl",1913-1969,1314,,,Netherlands,1913,1969
"Spangenberg, zr. J. ()",,1315,,,Germany,,
"Spellenberg, Corn., ond.",1904-...,1316,,,Germany,1904,...
"Spethmann, Charlotte",1872-1947,1317,,,Germany,1872,1947
"Spiegel, Hendrik van der, zdl",1865-1919,1318,,,Netherlands,1865,1919
"Spiecker, Wilhelm, zdl",1874-1931,1319,,,Germany,1874,1931
"Spiller, Anna Maria Ruth",1907-2000,1320,,,Switzerland,1907,2000
"Splunder, Jeremias van, zdl",1858-1886,1321,,,Netherlands,1858,1886
"Spoelstra, mw. A., ond.",-1930,1322,,,Netherlands,,1930
"Sporket, Julius, zdl",1868-1955,1323,,,Germany,1868,1955
"Spreeuwenberg, H., zdl",1907-1951,1324,,,Netherlands,1907,1951
"Sprenger, Henriette",1866-1918,1325,,,Germany,1866,1918
"Stade, W., zdl",1889-1926,1326,,,Netherlands,1889,1926
"Stahlie, T.D., arts",1914-2009,1327,,,Netherlands,1914,2009
"Stam, Pieter, zwm",1822-1889,1328,,,Netherlands,1822,1889
"Stamer, Rev. John P.",,1329,,,United States of America,,
"Stap, J.E., zdl",1883-1946,1330,,,Netherlands,1883,1946
"Starink, J., zdl",1787/8-1828,1331,,,Netherlands,1787/8,1828
"Starkey, Earl F., ond.",,1332,,,United States of America,,
"Starrenburg, D.B., zdl",1880-1946,1333,,,Netherlands,1880,1946
"Staudt, F.M., ond.",1906-1945,1334,,,Netherlands,1906,1945
"Staudt-Burmania, mw. R., ond.",1904-2002,1335,,,Netherlands,1904,2002
"Staudte, Fr. Wilhelm, zdl",1845-1884,1336,,,Germany,1845,1884
"Stauffer, Otto, zdl.",1904-1942,1337,,,Germany,1904,1942
"Steele, William Henry, zdl",1818-1905,1338,,,United States of America,1818,1905
"Steenbergen, Femmie, ond.",1916-1947,1339,,,Netherlands,1916,1947
"Steenstra, zie Stenstra",,1340,,,,,
"Stefanski, Ms. Pauline, ond.",1881-1965,1341,,,United States of America,1881,1965
"Stegerhoek, zr. J.E.",1916-,1342,,,Netherlands,1916,
"Steinbrecher, Wilhelm, zdl",1862-1919,1343,,,Germany,1862,1919
"Steingräber, Paul, zdl",1884-1973,1344,,,Germany,1884,1973
"Steinhard, Johannes, zdl",1905-1966,1345,,,Germany,1905,1966
"Steinhart, Willem Leonard, zdl",1898-1982,1346,,,Netherlands,1898,1982
"Steinmetz, zr. W.H.C.",,1347,,,Netherlands,,
"Steinsieck, Wilhelm, zdl",1855-1924,1348,,,Germany,1855,1924
"Steller, mw. Auguste S Steller, ond. ",1900-,1349,,,,1900,
"Steller, E.T. (Steller), zwm",1834-1897,1350,,,Germany,1834,1897
"Steller, mr. K.G.F., zdl",1875-1945,1351,,,Netherlands,1875,1945
"Stelwagen, Uilke, ond.",1900-1965,1352,,,Netherlands,1900,1965
"Stenstra, Willem Corn., ond.",1884-1928,1353,,,Netherlands,1884,1928
"Steur, Emile van der",1901-42/5?,1354,,,Netherlands,1901,42/5?
"Steur, Joh. Hendrica, zie Mol",,1355,,,,,
"Steur, Johannes (""Pa"") van der",1865-1945,1356,,,Netherlands,1865,1945
"Stingel, Otto, zdl",1874-1945,1357,,,Germany,1874,1945
"Stoett, Janna Lucia",1894-1951,1358,,,Netherlands,1894,1951
"Stokking, Hendrik J., zdl",1878-1928,1359,,,Netherlands,1878,1928
"Stokkum, Marinus W.Th. v, arts",1881-1958,1360,,,Netherlands,1881,1958
"Stolk, zr. C.G.",,1361,,,Netherlands,,
"Stoové, Hendrik, zdl",1840-1901+,1362,,,Netherlands,1840,1901+
"Storm, G.C., zdl",1894-1941,1363,,,Netherlands,1894,1941
"Storm, K., zdl",1864-1906,1364,,,Netherlands,1864,1906
"Strijker, Pietertje, verpl.",1901/5?-,1365,,,Netherlands,1901/5?,
"Strötker, Friedrich, zdl",1863-1930,1366,,,Germany,1863,1930
"Stryker, Isaac, zdl",-1842,1367,,,United States of America,,1842
"Stuffers, mw. C., ond.",,1369,,,Netherlands,,
"Stuivenga, J.H.",,1370,,,Netherlands/United States of America,,
"Stursberg, Gustav, zdl",1853-1916,1371,,,Germany,1853,1916
"Stuut, zr. Helena Tallina",1898-1988,1372,,,Netherlands,1898,1988
"Stuut, zr. S.",,1373,,,Netherlands,,
"Sullivan, Rev. Floyd H.",1885/6-,1374,,,United States of America,1885/6,
"Sundermann, H.H.W., zdl",1855-1947,1375,,,Germany,1855,1947
"Sundermann, Wilh. H., zdl",1849-1919,1376,,,Germany,1849,1919
"Supper, J.C., zdl",1782-1816,1377,,,Germany,1782,1816
"Sybenga, zr. Tjitske Jantina",1908,1378,,,Netherlands,1908,
"Swaan, W., zdl",,1379,,,United States of America,,
"Swanborn, Adr. Jac., ond.",1872-1945,1380,,,Netherlands,1872,1945
"Swellengrebel, dr. Jan Lod.",1909-1984,1381,,,Netherlands,1909,1984
"Szasz, Laszlo, arts",,1382,,,Hungary,,
"Talens, J.P., zdl",1878-1971,1383,,,Netherlands,1878,1971
"Tanis, J., ond.",1898-1994,1384,,,Netherlands,1898,1994
"Tauffmann, C.E.W., zwm",1834-1896,1385,,,Germany,1834,1896
"Teasdale, G.",1868-1967,1386,,,United Kingdom/Austria,1868,1967
"Teekens, Ofke",1896-1942/5,1387,,,Netherlands,1896,1942/5
"Teffer, M., zdl",1827-1907,1388,,,Netherlands,1827,1907
"Telgte, H.J. ter, verpleger",1895-1942+,1389,,,Netherlands,1895,1942+
"Temming, Auguste",1870-1930,1390,,,Germany,1870,1930
"Tendeloo, H.J., zdl",1830-1902,1391,,,Netherlands,1830,1902
"Terlinden, J.C., zdl",1803-1832,1392,,,Germany,1803,1832
"Tesche, Carl, zdl",1904-2002,1393,,,Germany,1904,2002
"Teutscher, H.J., zdl",1915-1976,1394,,,Netherlands,1915,1976
"Theis, August, zdl",1874-1968,1395,,,Germany,1874,1968
"Thiele, Alfred Charles F.",1892-1987,1396,,,Germany,1892,1987
"Thiessen, Johann",1869-1953,1397,,,Russia,1869,1953
"Thiessen, Nicolai, zdl",1874-1949,1398,,,Russia,1874,1949
"Thomas, Jost Wilhelm, zdl",1843-1900,1399,,,Germany,1843,1900
"Thomson, Frederick B., zdl",1809-1848,1400,,,United States of America,1809,1848
"Thomson, J.",,1401,,,United Kingdom,,
"Thornton, Ms. El., ond.",,1402,,,United Kingdom,,
"Tibben, zr. Hendrikje (H)",1887?-1957?,1403,,,,1887?,1957?
"Tiedeman, zr. N.",,1404,,,Netherlands,,
"Tiekstra, Gjalt Bouwes, ond.",1882-1960,1405,,,Netherlands,1882,1960
"Tiemersma, L., zdl",1861-1944,1406,,,Netherlands,1861,1944
"Tiemeyer, Friedrich, zdl",1901-1988,1407,,,Germany,1901,1988
"Tilbury, A.W.",,1408,,,United Kingdom,,
"Tilstra, Klaas",1897-1985,1409,,,Netherlands,1897,1985
"Tjhi Moi-fa, Ms.",±1905,1410,,,China,±1905,
"Tobi, Leonard, zdl",1832-1888,1411,,,Netherlands,1832,1888
"Toet, zr. J.",1909?-,1412,,,Netherlands,1909?,
"Tonsbeek, Johan W.",1884 -1915,1413,,,Netherlands,1884,1915
"Trommel, H.J., zdl",1905-1981,1415,,,Netherlands,1905,1981
"Tromp, Heinrich Philipp, zdl",1842-1922,1416,,,Germany,1842,1922
"Trostel, Gustav, zdl",1906-1942,1417,,,Germany,1906,1942
"Trowt, Thomas, zdl",1784-1816,1418,,,United Kingdom,1784,1816
"Tsang To Hang, zdl",±1905-1979,1419,,,China,±1905,1979
"Tse, Y.K., zdl",±1905-,1420,,,China,±1905,
"Tuiten, Joh., zdl",1884-1914,1421,,,Netherlands,1884,1914
"Tuiten, Martinus, zdl",1882-1957,1422,,,Netherlands,1882,1957
"Tunheim, Petra",1871-1923,1423,,,Norway/United States of America,1871,1923
"Tüttermann, Lina",1889-1939,1424,,,Germany,1889,1939
"Tuuk, H. Neubronner van der",1824-1894,1425,,,Netherlands,1824,1894
"Tuyll v Serooskerken, A.M. v.",1892-1989,1427,,,Netherlands,1892,1989
"Tweedy, zr. Elis. Arnoldine",1886-1956,1428,,,Netherlands,1886,1956
"Twijnstra, Hendrik",1892-1945,1429,,,Netherlands,1892,1945
"Ufer, Conrad, zdl",1871-1953,1430,,,Germany,1871,1953
"Uhlenbusch, H.Fr.W.",1841-1893,1431,,,Germany,1841,1893
"Uittenbogaard, H.M., ond.",1913-1978,1432,,,Netherlands,1913,1978
"Ulderink, zr. Hendr. Wilh. Joh.",1905-2005,1433,,,Netherlands,1905,2005
"Ulfers, S. (D), zdl",1818/9-1885,1434,,,Netherlands,1818/9,1885
"Underhill, Rev. Carl C.",,1435,,,United States of America,,
"Urech, Ms. Lydia, ond.",,1436,,,United States of America,,
"Vaandrig, G., ond.",,1437,,,Netherlands,,
"Vahrenkamp, Adele",1864-1929,1438,,,Germany,1864,1929
"Valderpoort, P.G.W., ond.",1892-1942/5,1439,,,Netherlands,1892,1942/5
"Valderpoort-Wierts van Coe­hoorn, mw. J.C.",,1440,,,Netherlands,,
"Valk, P.C. van der",,1441,,,Netherlands,,
"Valk, Theod. August F.. vder, zdl",1828-1874,1442,,,Netherlands,1828,1874
"Vasseur, Isaak J.W.J.",1891-1972,1443,,,Netherlands,1891,1972
"Veelen, mw. B.G. van",1908-2001,1444,,,Netherlands,1908,2001
"Veen, R., arts",1906-1972,1445,,,Netherlands,1906,1972
"Veen, Gerhardus H.A. vder, zdl",1874-1949,1446,,,Netherlands,1874,1949
"Veen, dr. H. van der",1888-1977,1447,,,Netherlands,1888,1977
"Veerenhuis, Gerrit Jan",1879-1946,1448,,,Netherlands,1879,1946
"Vegt, H.M. van der, arts",,1449,,,Netherlands,,
"Veld, Jan in 't, ond.",1883-1971,1450,,,Netherlands,1883,1971
"Velde, H. te, arts",1908-1942,1451,,,Netherlands,1908,1942
"Velden v Capellen, S.D. van der",1820/1-1856,1452,,,Netherlands,1820/1,1856
"Velders, mw. W.H.",1912-1993,1453,,,Netherlands,1912,1993
"Veldhuis, Ruurd, zdl",1893-1944,1454,,,Netherlands,1893,1944
"Veldstra, Fokke, arts",1896-1965,1455,,,Netherlands,1896,1965
"Vellekoop, Pieter Nic.",1890-1974,1456,,,Netherlands,1890,1974
"Vellenga, zr. J.A.",1897-1983,1457,,,Netherlands,1897,1983
"Verbeet, mw. G., ond.",1886-,1458,,,Netherlands,1886,
"Verdoorn, J.A., arts",1903-1991,1459,,,Netherlands,1903,1991
"Verhaag, Jacob, zdl",1803-±1880,1460,,,Netherlands,1803,±1880
"Verhagen, Dirk, arts",1890-1961,1461,,,Netherlands,1890,1961
"Verhoeff Jr., Joh. Jac., zdl",1833-1872,1462,,,Netherlands,1833,1872
"Verhoeven, J., zdl",1844-1922,1463,,,Netherlands,1844,1922
"Verkuijl Az, Arie, ond.",1885-1961,1464,,,Netherlands,1885,1961
"Verkuyl, ds. dr. J.",1908-2001,1465,,,Netherlands,1908,2001
"Verleur, zr. Magd. Maria Cath.",1900-1987,1466,,,Netherlands,1900,1987
"Vermaasen, Jan Dirk, zdl",1815/6-1844,1467,,,Netherlands,1815/6,1844
"Vermeer, Aart sr., zdl.",1828-1891,1468,,,Netherlands,1828,1891
"Vermeer, A., jr., zdl",1872-1934,1469,,,Netherlands,1872,1934
"Vermolen, Willem, ond.",1892-1972,1470,,,Netherlands,1892,1972
"Versteeg, zr. C.",,1471,,,Netherlands,,
"Verveen, Dirk, arts",1903-1977,1472,,,Netherlands,1903,1977
"Verveen, J.E., arts",1905-1958,1473,,,Netherlands,1905,1958
"Verwaal, zr. D., diakones",,1474,,,Netherlands,,
"Verwiebe, Ernst, zdl",1901-1961,1475,,,Germany,1901,1961
"Vessem, Jac. van, zdl",1901-1991,1476,,,Netherlands,1901,1991
"Vieker, Wilhelm, zdl",1891-1961,1477,,,Germany,1891,1961
"Viering, mw. Emmi",1903-1988,1478,,,Germany,1903,1988
"Vischer, M. arts",1895/6-1943,1479,,,Switzerland,1895/6,1943
"Visser, Ale, zdl",1837-1861,1480,,,Netherlands,1837,1861
"Vizjak, Georg",1871-1937,1481,,,Croatia,1871,1937
"Vlis, Chr. Jac. van der, taalk.",1813-1842,1482,,,Netherlands,1813,1842
"Vogelesang, L., arts",1879-1932,1483,,,Netherlands,1879,1932
"Volkmann, H. Wilhelm, zdl",1856-1908,1484,,,Germany,1856,1908
"Volmer, Hermann, zdl",1909-1961,1485,,,Germany,1909,1961
"Vonk, A.H., arts",1893-1978,1486,,,Netherlands,1893,1978
"Vonk, Jan Casper, zdl",1785-1838,1487,,,Netherlands,1785,1838
"Vonk, W.T., zdl",,1489,,,Netherlands,,
"Voogd, Abraham de, zdl",1864-1944,1491,,,Netherlands,1864,1944
"Voorham, B.A., zdl",1875-1908,1492,,,Netherlands,1875,1908
"Vos, Herman Cornelis Wilhelm de, arts . ~ ongehuwd gebleven?",1903-1942,1494,,,Netherlands,1903,1942
"Vriend, zr. Geesje",1901-1952+,1495,,,Netherlands,1901,1952+
"Vries, zr. A.C. de",1907-1998,1496,,,Netherlands,1907,1998
"Vries, Izaak Engelbert de, zdl",1879-1920,1497,,,Netherlands,1879,1920
"Vries, Jan de. zdl",1885-..,1498,,,Netherlands,1885,..
"Vries, Lourens de, zdl.",1869-1960,1499,,,Netherlands,1869,1960
"Vries, Sytze Jans de, zdl",1838-1899,1500,,,Netherlands,1838,1899
"Vries, S.S. de, zdl",1876-1949,1501,,,Netherlands,1876,1949
"Vroom, J. de, zdl",1841-1881,1502,,,Netherlands,1841,1881
"Vuuren, zr. A.C. van",1902-1974,1503,,,Netherlands,1902,1974
"Vuurmans, H., zdl",1895-1957,1504,,,Netherlands,1895,1957
"Waal, zr. Adr. Frederica van de",1906-1990,1505,,,,1906,1990
"Waals, Gerardus van der, zdl",1875-1945,1506,,,Netherlands,1875,1945
"Wagner, Eduard, zdl",1871-1941,1507,,,Germany,1871,1941
"Wagner, Heintz, zdl",1904-1978,1508,,,Germany,1904,1978
"Wagner, Otto, zdl",1905-1962,1509,,,Germany,1905,1962
"Wagner, Wilhelm, arts",1891-1968,1510,,,Germany,1891,1968
"Wal, Marinus van der, zdl",1835-1904,1511,,,Netherlands,1835,1904
"Walo, Ms. E. ()",,1512,,,United Kingdom,,
"Walter, Luitpold, zdl",1905-,1513,,,Switzerland,1905,
"Wang, Leland (Wang Zaj)",1898-1975,1514,,,China,1898,1975
"Wantzlick, Gustav Adolf",1867-1913,1515,,,Austria,1867,1913
"Ward, Nathaniel Moore, zdl",† ±1872,1516,,,United Kingdom,† ±1872,
"Ward, Rev. William T.",,1517,,,United States of America,,
"Warneck, Johannes, zdl",1867-1944,1518,,,Germany,1867,1944
"Weber, Friedrich, zwm",,1519,,,Germany,,
"Weber, Georg Wilhelm, zdl",1841-1871,1520,,,Germany,1841,1871
"Wedel-Jarlsberg, Th. von",1863-1930,1521,,,Germany,1863,1930
"Weeda, J.B., zdl",1885-1938+,1522,,,Netherlands,1885,1938+
"Weeda, mw. M.",,1523,,,Netherlands,,
"Weener, zr. C.L.",1899-1984,1524,,,Netherlands,1899,1984
"Weerd, Hermann de, zdl",1857-1885,1525,,,Germany,1857,1885
"Weerd, W.B. de, zdl",1905-2003,1526,,,Netherlands,1905,2003
"Weerden, Harm Jan van, zdl.",1899-1948,1527,,,Netherlands,1899,1948
"Weetneck, Auguste",1873-,1528,,,Germany,1873,
"Weg, J. van de, zdl",1887-1945,1529,,,Netherlands,1887,1945
"Weiler, zdl G.",,1530,,,Netherlands,,
"Weiss, Ernst, zwm",1831-1866,1531,,,Germany,1831,1866
"Weiss, zr. Kath. E.Th.",1890-1978,1532,,,Germany,1890,1978
"Weissenbruch, Hermann, zdl",1877-1945,1533,,,Germany,1877,1945
"Weisser, Samuel, zdl",1891-1942,1534,,,Germany,1891,1942
"Weissinger, H.",1904-1982,1535,,,Germany,1904,1982
"Wellensiek, mw. H.J., ond.",1882-1968,1536,,,Netherlands,1882,1968
"Welsz, Gerrit Joh., ond.",1882-1925,1537,,,Netherlands,1882,1925
"Werff, zr. Ienskje van der",1904,1538,,,Netherlands,1904,
"Werimon-Bakker, M.D., maatsch. werker, zie Bakker, mw. M.D.",,1539,,,,,
"Werkman, O., zdl",1887-1944,1540,,,Netherlands,1887,1944
"Werner, Lore",1898-1988,1541,,,Germany,1898,1988
"Wessel, zr. G. van",1905-1996,1542,,,Netherlands,1905,1996
"Wesseldijk, H.J., zdl",1886-1964,1543,,,Netherlands,1886,1964
"Wesseldijk, J.W., zdl",1889-1945,1544,,,Netherlands,1889,1945
"Westendorp, zr. Antje",1906-,1545,,,Netherlands,1906,
"Westerveld-van der Ben, zr. A.A.C. zie Ben, A.A.C. van der",,1546,,,,,
"Westerveld, Willem, ond.",1886-1961,1547,,,Netherlands,1886,1961
"Wetstein, J., zdl",1886-1967,1548,,,Netherlands,1886,1967
"Wiebe, Nicolai, zdl.",1862-,1549,,,Russia,1862,
"Wiegand, Heinrich, zdl",1876-1941,1550,,,Germany,1876,1941
"Wiegers, J., zdl",1891-1968,1551,,,Netherlands,1891,1968
"Wieënkötter, H. A. Florenz, zdl",1791/2-1828,1552,,,Germany,1791/2,1828
Wielenga (jr.) ds. D.K.,1880-1942,1553,,,Netherlands,1880,1942
"Wielenga, Johanna Dirkje, ond.",1907-1979,1554,,,Netherlands,1907,1979
"Wiersema, Jakob Siert, arts",1907-1981,1555,,,Netherlands,1907,1981
"Wiersma, J.N., zdl",1833-1907,1556,,,Netherlands,1833,1907
"Wieske, Hendrik, ond.",1884-1953,1557,,,Netherlands,1884,1953
"Wigand, Fr. Eberhard, zdl",1827-1859,1558,,,Germany,1827,1859
"Wiggelendam, K., zdl",1845-1909,1559,,,Netherlands,1845,1909
"Wiggers, Jan Albert, ond.",1893-1968,1560,,,Netherlands,1893,1968
"Wiggers, zr. Gesiena Ber.",1910-1959+,1561,,,Netherlands,1910,1959+
"Wijnekes, zr. Plonia Maria",1885-1976,1562,,,Netherlands,1885,1976
"Wijngaarden, J.K., zdl",1866-1894,1563,,,Netherlands,1866,1894
"Wijs, Agatha Ant. de, diakones",1892-1924,1564,,,Netherlands,1892,1924
"Wikdal, P.S.",,1565,,,Scandinavia,,
"Wilcox, Rev. Burton O.",,1566,,,United States of America,,
"Wilhelm, Jacob, zdl.",1854-1892,1567,,,Netherlands,1854,1892
"Wilken, N.P., (O-Friesl.), zdl",1813-1878,1568,,,Netherlands,1813,1878
"Wilkening, Johannes, zdl",1873-1963,1569,,,Germany,1873,1963
"Wilkens, Ms. L.V., ond.",,1570,,,United Kingdom,,
"Willfinger, John F., zdl",1910-1942,1571,,,United States of America,1910,1942
"Winckler, Joh. Chr. Furchtegott",1799-1833?,1572,,,Germany,1799,1833?
"Winkler, K.J.M. (Joh.), arts",1874-1958,1573,,,Germany,1874,1958
"Wits, zr. W.",1914-1991,1574,,,Netherlands,1914,1991
"Witt, mw. H.",1893-1978,1575,,,Netherlands,1893,1978
"Witt, Lothar, zdl",1904-1975,1576,,,Germany,1904,1975
"Wittmann-Nikolajew, Marussa,  ond.",1873-1953,1577,,,Russia,1873,1953
"Woelders, Willem H., zdl",1837-1892,1579,,,Netherlands,1837,1892
"Woensdregt, Jacob, zdl",1889-1928,1580,,,Netherlands,1889,1928
"Woerden, mw. M. van, ond.",,1581,,,Netherlands,,
"Woerner, Gustave, zdl.",1896-1978,1582,,,United States of America,1896,1978
"Wolff, zr. M.A.",1907/8-1996,1583,,,Netherlands,1907/8,1996
"Wolterbeek, Jan David",1890-1976,1584,,,Netherlands,1890,1976
"Wong A Tjhin, Ms., zdl",±1905-,1585,,,China,±1905,
"Wood, George Alb. ()",1867-1944,1586,,,Australia,1867,1944
"Woodward, Leonard H.",1883-1950,1587,,,United Kingdom,1883,1950
"Woortman, H.D., zdl",1889-1986,1588,,,Netherlands,1889,1986
"Worthington, Rev. Charles M.",1876-1856,1589,,,United States of America,1876,1856
"Wortman, Louis M.D.",1906-1945,1590,,,Netherlands,1906,1945
"Woude, Adriana van der",1894?-,1591,,,Netherlands,1894?,
"Wulp, Hendrik van der, ond.",1815-1891,1592,,,Netherlands,1815,1891
"Wunderink, Everdina Maria",1880-..,1593,,,Netherlands,1880,..
"Yates, John Spain",1888-1950,1595,,,United States of America,1888,1950
"IJdens, Hendrik, ond.",1882-1949,1596,,,Netherlands,1882,1949
"IJkel, zr. Jeanna Agatha",1903-,1597,,,Netherlands,1903,
"Young, Ms. Ethel",,1598,,,United States of America,,
"Youngberg, Gustavus Benson",1888-1944,1599,,,United States of America,1888,1944
"Youngblood, William, zdl",1808-1886,1600,,,United States of America,1808,1886
"Zanten, zr. Adriana Joh. van",1886-,1601,,,Netherlands,1886,
"Zegers, J.L., zdl",1844-1919,1602,,,Netherlands,1844,1919
"Zegers Verhoeven, Elias Adr.  )ongehuwd gebleven?",1876-1928,1603,,,Netherlands,1876,1928
"Zeitter, Karolina Auguste",1865-1938,1604,,,Germany,1865,1938
"Zeldam Ganswijk, D.J. ten, zdl",1829/30-'69,1605,,,Netherlands,1829/30,'69
"Zenker, Clara",1877-1925,1606,,,Germany,1877,1925
"Ziegler, Julius, zdl",1885-1959,1607,,,Germany,1885,1959
"Zigterman, zr. Gepke",1880-1964,1608,,,Netherlands,1880,1964
"Zijlstra, P., zdl.",1897-1973,1609,,,Netherlands,1897,1973
"Zimmer, Georg, zdl",1826-1901,1610,,,Germany,1826,1901
"Zimmer, Woldemar, zdl",1903-1994,1611,,,Switzerland,1903,1994
"Zimmerbeutel, zr. Anna",1892-1970,1612,,,Germany,1892,1970
"Zimmerbeutel, G.A., zdl",1862-1921,1613,,,Germany,1862,1921
"Zimmermann, A.H.",,1614,,,Germany,,
"Zimmermann, Philipp, zdl",1875-1953,1615,,,Germany,1875,1953
"Zissler, Ferdinand, zdl",1875-1943,1616,,,Germany,1875,1943
"Zuidema, Jacob Popkes, ond.",1860-1932,1617,,,Netherlands,1860,1932
"Zuidema, Pieter Jan, arts",1907-1996,1618,,,Netherlands,1907,1996
"Zuidema, ds. dr. Sytse Ulbe",1906-1975,1619,,,Netherlands,1906,1975
"Zuijlen, zr. A.M. van",1899-1987,1620,,,Netherlands,1899,1987
"Zuppinger, H., verpleger, zdl",± 1880-,1621,,,Germany,± 1880,
"Zwaan, A.C., arts",1899-1959,1622,,,Netherlands,1899,1959
"Zwaan, ds. Cornelis",1871-1938,1623,,,Netherlands,1871,1938
"Zwaan, C., zdl",1909-1977,1624,,,Netherlands,1909,1977
"Zwaan, Corn. Laurens, arts",1901-1944,1625,,,Netherlands,1901,1944
"Zwaan, W.J.A., zdl",1881-1954,1626,,,Netherlands,1881,1954
"Zwerus, A.J., ond.",1903-1944,1627,,,Netherlands,1903,1944
